Eldoret,87
Ambo,68
Flagstaff,38
Mapleton,42
Kapsabet,87
Fountain,84
Nagasaki,68
Colorado Springs,91
Tampa,78
Folsom,12
Sidi Redouane,71
Kuki,62
Fukuoka,59
Belmont,24
Davis,39
Atlanta,93
Gainesville,94
London,81
Tokyo,55
Tucson,16
South Weber,39
Guadalupe,94
Addis Ababa,57
Brighton,92
Portland,64
Peabody,93
North Attleboro,100
Ooltewah,73
Wheaton,69
Dorchester,100
Issaquah,57
Northampton,97
Los Angeles,14
Jamaica Plain,93
Keyport,97
East Greenwich,93
Calgary,59
Pittsburgh,87
Salt Lake City,48
Cross Plains,97
Princeton,94
Salem,83
Albuquerque,79
Houston,88
Durango,50
Decatur,93
Nairobi,93
Philadelphia,100
Silver Spring,93
Springfield,86
Double Bay,72
Sunnyvale,39
Huntsville,87
Minneapolis,58
Olathe,86
Hercules,21
Manchester,93
Weinheim,93
Brookfield,64
Halifax,97
West Hartford,91
Boise,21
Hyde Park,40
Ridgewood,93
Waltham,100
Shanghai,68
Chester Springs,100
Orlando,83
Needham,93
Santiago,48
Shorewood,82
Bethlehem,88
Seattle,57
New York,93
Scottsdale,14
Recoleta,87
Mclean,92
Braintree,94
Chatham,81
Collierville,93
Alexandria,71
Washington,65
Kensington,72
Rockford,64
Somerville,93
Ottawa,100
Sao Paulo,77
Newburgh,100
Istanbul,93
Leicester,87
Vienna,87
Stoneham,100
Denver,78
Anthem,26
Auburn,58
Yukon,92
New Orleans,78
Redding,4
San Jose,14
Lima,82
Cambridge,86
Blanchardville,69
Rochester,87
Fairfax,93
Atmore,3
Omaha,63
Vancouver,70
Collingswood,100
Boston,93
Olivet,93
Newtonville,81
Berkeley,38
Arlington,100
Dubuque,97
Fayetteville,88
Lausanne,92
Charlotte,92
Chicago,64
White Lake,95
Slingerlands,98
Waban,93
Old Tappan,93
San Diego,40
West Valley City,53
Oakland,72
Thunder Bay,58
Broomfield,72
Gunnison,72
North Riverside,64
Culloden,90
Bradford,93
Rennes,93
Edmond,94
Brooklyn,93
Ann Arbor,80
Nashville,76
Winston-Salem,93
Bristol,92
Columbus,93
Toronto,65
Oslo,93
Dover,100
Fort Collins,83
Anacortes,75
Savage,58
Deerfield,64
Roquebrune-Cap-Martin,87
Anchorage,80
Clifton,93
Irvine,4
Columbia,93
Pacific Palisades,3
Fair Oaks,12
Sherbrooke,100
Charlestown,82
Helsinki,93
Acton,100
Downey,9
Marstons Mills,100
Glastonbury,92
Phoenix,17
Kettering,87
Kennebunk,100
Clovis,36
Celestine,95
Porto,93
Indianapolis,93
Hillsboro,67
Andover,93
State College,100
Iquique,68
Kalmar,93
Mar Del Plata,76
Holt,80
Beaverton,59
St. Louis,100
Piltene,100
Zapopan,43
Tacoma,61
Bogota,82
Goldsboro,100
Pembroke,93
Mahomet,95
Chelmsford,93
Saint Ann,86
Maple Glen,89
Boulder,78
Clearwater,78
Metairie,78
Whittier,15
Woodstock,93
Austin,93
Norton,63
Madison,87
Brentwood,100
Frisco,94
Mission,74
Hebron,100
Roseville,12
Brunswick,87
Dublin,6
Ilford,81
Kessel-Lo,93
Hong Kong,60
Goodrich,75
Highlands Ranch,72
Longmont,78
Union City,39
Noailles,93
Centreville,93
Santa Cristina,87
Riverview,78
Pittsburg,18
Louisville,76
Sandy,53
Lincoln,68
Lake Oswego,60
Bozeman,72
Charlottesville,87
Des Moines,68
Greencastle,100
Avon,81
Fort Wayne,70
Durham,100
Harvard,82
Northfield,73
Clermont,93
Taipei City,65
Taylorsville,34
Blue Ash,81
Ballwin,86
Ada,21
Randolph,100
Glasgow,87
Mitchell,67
Warwick,93
Kalamazoo,80
Lafayette,78
Astoria,66
Melrose,93
Leichhardt,72
Limerick,93
Ocala,78
Tallinn,93
Johnston,93
Sete Lagoas,68
San Francisco,24
Newton,100
Novi,83
Erie,81
Glanmire,100
Cleveland,87
Elva,93
Grapevine,100
Carrollton,100
Livermore,6
Clinton,81
Alton,100
Four Marks,93
North Vancouver,70
Perkasie,100
Medford,28
Canton,44
Allison Park,87
Metuchen,93
Birmingham,82
Niagara Falls,93
Bellbrook,100
Mount Laurel,100
Duluth,50
Montebello,15
Rawabi,88
Peninsula,91
Lansing,80
Cincinnati,81
Providence,93
Worthington,100
Mount Hermon,93
Florence,93
Coronado,35
Santa Monica,3
Bournemouth,95
Unionville,100
Swansea,96
Kirkland,74
Berea,87
Raleigh,93
Woodhaven,75
Playa Vista,5
Valencia,54
Montreal,93
Cork,100
Newbury Park,81
Bend,26
Neenah,46
Knoxville,88
Saint Clairsville,87
Palmer,100
Manresa,79
Washington D.c.,93
Ostrava,87
Frankfurt Am Main,93
Edmonton,93
West Chester,100
Cardiff,93
Hilliard,100
Arabi,94
Iowa City,69
Brookline,93
San Antonio,81
Massillon,87
Fresno,36
Glen Ridge,100
Boca Raton,88
Wenatchee,51
Brisbane,73
Mitcham,59
Dobbs Ferry,100
Puebla,67
Victoria,60
Mont-Royal,93
Lakewood,77
Missoula,78
Shrewsbury,87
Muskegon,86
Merthyr Tydfil,92
Fortaleza,83
Hollis,97
Cabin John,95
Blacksburg,100
Huntington,93
Abbotsford,65
Sacramento,8
Nuneaton,87
Hopkinton,93
Westford,100
Hoboken,93
Long Island,81
Lake Forest,4
Scottville,74
Chilton,60
Traverse City,74
Waukesha,98
West Milwaukee,64
Morgantown,87
Asheville,87
Crewe,91
Stormville,83
Baltimore,87
Madrid,70
Conroe,73
Stratford,87
Cologne,81
South Hero,100
Lancaster,93
Grosse Pointe Park,65
Guangzhou,44
Loughrea,93
West Allis,64
Saint Louis,86
Westport,87
Okemos,80
Caribou,86
Wakarusa,75
Genoa,62
Burlingame,24
Provo,42
Ephrata,93
Orinda,19
Waco,93
Wooster,93
Eugene,49
Quincy,93
Kunming,93
Hanover,76
Allston,93
Dallas,93
Ambler,91
Mexico City,45
Belgrade,93
St. Paul,53
Palo Alto,39
Copenhagen,87
Greenville,100
Closter,93
Hendersonville,87
Arcadia,22
Mafra,95
Rio De Janeiro,88
Saint-Georges,78
Ilmmuenster,93
Youngstown,87
Sandown,91
Moscow,80
Paradise Valley,21
Amsterdam,93
Clarence Creek,93
Howell,86
Byron,62
Grand Junction,53
Ilminster,90
North Reading,93
Noblesville,99
Mount Pleasant,100
Mansfield,93
Bengaluru,100
Claremont,7
Lund,87
Caba,70
Joliette,97
Canterbury,92
Maplewood,58
Covington,81
Millersville,96
Ogden,46
Camrose,86
South Salem,81
Lexington,93
Alpine,11
North York,65
Bathurst,68
Lees Summit,80
Bay Minette,93
West Palm Beach,88
Klamath Falls,16
Eliot,100
White Plains,100
El Cajon,11
Nyack,100
Santa Clara,88
Jacksonville,88
Jundiai,78
Oklahoma City,92
Zionsville,75
Aix-En-Provence,76
New Farm,73
Rockville,93
Kansas City,86
Franklin Square,93
Rising Sun,96
Ciudad De Mexico,45
Watertown,100
Jackson Heights,93
Richmond,93
Mason,100
Highland,6
Monterrey,48
Loveland,71
Corona,4
Lomita,20
Pflugerville,93
Lakeview,93
Lisbon,81
Mississauga,75
Centurion,63
Fremont,39
Amherst,81
Saint Charles,98
Gardiner,100
Evansville,81
Lake Leelanau,80
Saint-Laurent,93
Moseley,87
Singapore,79
Huntersville,93
Middletown,93
Aberdeen,93
Pleasant Prairie,69
Brooktondale,100
Rindge,93
Fusagasuga,82
Geneseo,93
Isle Of Man,81
Warsaw,87
Layton,46
Lynnfield,93
Toms River,93
Oneida,93
Auburndale,88
Hamilton,81
Boiling Springs,100
Torreon,20
Laurel,93
Paddington,72
Brugge,85
Cwmbran,97
Briarcliff,73
Reading,93
Stonyfell,59
Annapolis,100
Media,100
Walnut Creek,16
Beavercreek,100
Mount Prospect,64
Newburyport,99
Ypsilanti,80
Greensboro,100
Chesapeake,93
Glenmont,93
Williamsburg,100
Amityville,93
Brasilia,88
Sagamihara,63
East Brunswick,97
Santa Barbara,54
Winchester,93
Melbourne,94
Frederiksberg,87
Bronx,93
Sudbury,79
Paris,93
Shenzhen,66
Gilbert,9
Skaneateles,100
Holladay,59
Friendswood,78
Newport,97
Hicksville,93
Savannah,83
Teaneck,93
Milo,47
Hudson,100
Rogers,98
Jackson,10
Fisher,100
Miami,78
Ellettsville,87
Bethesda,93
Fiuggi,91
Schuttrange,93
Milwaukee,64
Downers Grove,76
Ningbo,72
Hamburg,81
Dartmouth,97
Naucalpan,45
Encinitas,12
Hawthorn,78
Smyrna,88
Saint Paul,53
Merrimack,93
Wenzhou,66
Krakow,93
Beijing,22
Snoqualmie,59
Bay Village,87
Weston,88
Warren,100
Pasadena,83
Lowell,100
Chattanooga,73
Plainfield,93
Winter Park,83
Gatineau,93
Mercer Island,57
Branyan,65
Millbrae,42
Malden,93
Templeton,20
Bondi Beach,72
Helena,67
Mill Valley,18
Levis,100
Alajuela,100
Sarzeau,100
Ramsey,58
Ridgecrest,5
Baddeck,92
Oakton,10
Hino,72
Ellicott City,87
Lasalle,80
Norfolk,93
Swadlincote,87
Grantham,87
Long Beach,17
North Easton,93
San Ysidro,56
Holbrook,100
Richwood,88
Verdun,89
Hoppegarten,100
Urbana,93
Midland,92
Overland Park,86
Auriol,58
Converse,81
Kent,84
Rome,83
Lewiston,93
Latrobe,93
Germansville,100
Brodheadsville,97
York,82
Dunakeszi,93
Milton,95
Washington Township,86
Laguna Beach,4
Niwot,72
New Taipei City,65
Fishers,100
Clayton,88
Rocklin,11
Prattville,100
Homewood,82
Methuen,100
Los Altos Hills,39
Scituate,83
West Melbourne,94
Westlake,87
St. Joseph,68
Palm Coast,97
Ashland,93
Marina Del Rey,3
West Roxbury,100
Norcross,93
Guatemala,82
Schenectady,93
Thibodaux,85
Garrison,95
Fridley,62
Darien,69
Orland Park,69
Stanford,39
Kelowna,92
Wilmette,64
Bellevue,57
Roncq,87
Black River Falls,92
Mexico,78
Irvington,100
Ames,63
Ithaca,100
Cuyahoga Falls,95
Indianola,66
Zhubei,54
Owen,85
Pelham,83
Vine Grove,100
Mysore,79
Dunedin,64
Aurora,78
Cortland,60
Loxley,89
Dieppe,100
Christiansburg,100
North Andover,100
West Newbury,100
Woodside,39
Homestead,83
Scranton,93
San Clemente,7
Saint Johnsbury,93
Springdale,100
Crofton,100
Vaudreuil-Dorion,96
Aylmer,93
Wilton,11
Sugar Land,77
Prague,93
Lytham,89
Gniezno,86
Stillwater,92
Vitoria-Gasteiz,87
Roeland Park,86
Drummoyne,72
Sugarcreek,93
College Station,93
Redmond,74
Cartago,73
Manhattan Beach,23
Liscate,87
Porto Alegre,100
Oldsmar,78
Woodbridge,93
Whitesboro,91
Merida,83
Nederland,83
South Melbourne,52
Owensboro,81
Upper Arlington,93
Tolland,87
Steeple Morden,93
Winter Haven,88
Mont-Tremblant,79
Meguro,59
Machesney Park,80
Laval,100
Old Knebworth,93
San Marcos,3
Syracuse,87
Bethel,100
Milnathort,95
Underdale,59
Germantown,93
New Fairfield,100
Lane Cove North,72
Las Vegas,8
Quebec,100
Land O Lakes,71
Port Jefferson Station,100
Montgomery,93
Medellin,93
Nijmegen,88
Scarborough,90
Bellingham,75
Greenwood Village,71
Sale,87
Oshawa,87
Hilton Head Island,88
Biddeford,100
Orange City,88
Jersey City,100
Garrett Park,93
Charlottetown,93
Centerville,87
Chapel Hill,96
Delmar,98
Vilnius,87
Scotch Plains,93
Middleville,86
Houma,94
Massamagrell,70
Reno,11
Flint,75
Independence,86
Plymouth,100
Balmaseda,99
Fort Mcmurray,54
Niskayuna,93
Cuautlancingo,67
Comitan De Dominguez,98
Flatts,88
Lubbock,85
Dickson City,93
Preston,89
Yokohama,59
Krasnoyarsk,100
Dorval,100
Oxford,100
Nishinomiya,59
Redondo Beach,20
Albacete,94
Heemstede,93
Rimini,77
Grand Blanc,75
Sugarloaf,54
Westminster,72
Halstead,89
Apple Valley,10
Yorktown,100
New Haven,81
Penn Valley,5
Bakersfield,21
Quispamsis,100
Danvers,93
Littleton,71
Caledonia,69
Pescadero,93
Troy,75
Waukee,74
Memphis,81
Amesbury,99
Marysville,75
Burlington,100
Puerto Vallarta,79
Newbury,94
La Crosse,63
Veyrier,93
Vestavia,93
North Vernon,90
Farmerville,82
Grayson,93
Robbinsdale,62
Trujillo,81
Surrey,93
Goleta,67
Grand Rapids,86
Mumbai,65
Westwego,83
South Elgin,69
Fredericksburg,100
Piqua,93
Uberlandia,93
Cumberland,88
Allendale,87
Sola,81
Oakdale,58
Nagoya,59
Draper,50
Corpus Christi,78
Dessel,95
Downingtown,100
Kharkiv,70
Djursholm,93
West Bend,86
Beverly,93
Waxhaw,100
Carros,87
Fargo,67
Honolulu,74
Rapid City,78
Minsk,93
Surrey Hills,52
Repentigny,95
Aarau,94
Cloudcroft,75
Hampden,100
Windsor,70
Holmen,63
Nottingham,87
Camden,98
Campinas,78
Aubrey,97
Tomball,82
Summerville,93
Hadera,82
Saltillo,53
Hasselt,87
Waxahachie,100
Lorton,100
Baton Rouge,83
Clarksburg,93
Palm Beach Gardens,100
Tavistock,1
Manhattan,93
Cavan,90
Zaragoza,81
Newport News,100
Winesburg,93
Eau Claire,58
Sparks,11
Holmesville,77
Huddersfield,94
San Andres Cholula,67
Moorestown,100
Neuilly-Sur-Seine,93
Waterloo,86
Falmouth,93
Bolingbrook,80
Towson,92
Thornton,72
Spring,94
Portsmouth,87
Aia,79
West Perth,53
Dawlish,87
La Grande,55
Buckhurst Hill,81
Riverton,48
Middlefield,93
Embu Das Artes,82
Cedar Rapids,68
Lisboa,87
Meitar,100
Woonsocket,100
Belvidere,80
Commack,93
Danbury,100
Lolo,72
Glendora,15
Arvada,72
Kinnelon,93
Guildford,87
Carmel,86
Barrington,93
Hot Springs,87
Unteraegeri,93
Milano,87
Tustin,4
Basingstoke,93
Lahaina,65
Moriyama,54
Quetzaltenango,100
Saint John,100
Sacriston,86
Weyburn,83
Westwood,100
Hopkins,76
Kewanee,77
Orchard Lake,80
Easton,93
Muenchen,96
Ona,93
Delray Beach,83
Rostock,93
Manzanares El Real,55
Surat,52
Simi Valley,4
Altoona,91
Izola,77
San Mateo,23
Menlo Park,93
Lititz,93
Orleans,86
Berlin,93
Juiz De Fora,94
Doylestown,100
Paoli,100
Croydon,100
Lehi,49
Linyola,93
Cheyenne,84
Midlothian,100
Elk Grove,8
Nanjing,100
Senlis,87
Howth,45
Zurich,93
Leonia,93
Weatogue,93
Magog,100
Miami Beach,78
Golden,72
Geneva,69
Mountain View,39
Maidenhead,93
Palmdale,13
O'Fallon,86
Salmon Arm,92
Palma De Mallorca,48
Leeds,94
Seoul,71
Wheeling,74
Williamsport,87
Chambly,100
Cookeville,87
New Delhi,63
Villahermosa,94
Curitiba,100
Falkirk,90
Zeeland,93
Plano,96
Tlajomulco,58
Boucherville,100
Stallings,100
Grafton,93
Hamden,81
Pointe-Claire,100
Elk Grove Village,74
Sullens,95
Carson,20
Portage,87
Burnaby,75
Motala,93
Akron,87
Hokitika,65
Everett,70
Staten Island,93
East Lansing,82
Strathpine,83
Langemark,89
Davidson,76
Marietta,88
Pensacola,88
Hayes,93
Belo Horizonte,77
Orange Park,88
Bereldange,93
Orion,74
Lebanon,87
Henderson,14
Dworp,84
Tomsk,97
Richland,93
Mococa,77
Qinhuangdao,34
Wauwatosa,59
Cary,93
Rocky River,93
San Pablo,74
Cooperstown,94
Crawley,93
Peckville,79
North Bend,61
Fredericton,100
Wroclaw,87
Taby,93
Weert,87
Renton,57
Shreveport,82
Tonawanda,87
Centennial,71
Southampton,1
Renens,92
Madera,45
Nampa,27
Munich,96
Paderborn,80
Sewell,58
Keene,100
Scarsdale,100
Palos Heights,69
Santa Ana,4
Florianopolis,94
East Meadow,93
Soldotna,70
Rosslyn Farms,87
Trappe,98
Meridian,27
Monroe,100
Tucker,93
Corvallis,52
Costa Mesa,4
Clarksville,76
Haymarket,68
Chandler,20
Thornhill,87
Neptune,99
Kloten,93
Maple Ridge,74
Barcelona,58
Winter Garden,87
New Bedford,93
Tallahassee,83
Orrville,93
San Ramon,9
Grandville,86
Morrisville,93
Pretoria,56
Elmhurst,74
Rye,100
Moss Point,88
Chez-Le-Bart,87
Jasper,99
Banbury,95
Atkinson,100
Harleysville,100
Naperville,69
Davenport,64
Orchard Park,87
St. Albans,93
Jerusalem,82
Orpington,81
Moenchengladbach,87
Weymouth,100
Forde,95
Maple Grove,62
Kaltenhouse,81
Brackettville,75
Weirton,87
Hangzhou,75
Mixco,82
Great Barrington,97
Ware,95
Birchington,83
Tenafly,93
Ashford,86
Warszawa,93
Glenn Dale,93
Wharton,82
Redwood City,39
Erp,87
Jarvenpaa,100
Frankfort,72
Bel Air,78
Miami Shores,78
Bear,93
Keperra,83
St Petersburg,94
Elyria,81
Spencerport,100
Pearl River,98
Cancun,69
Westhill,93
Avondale,12
Turners Falls,99
Charleston,93
Huntington Beach,4
Northborough,96
Ipswich,93
Moncton,100
Taipei,65
Tlalnepantla,45
Colebrook,93
San Rafael,26
Ball Ground,100
Winthrop,93
Ridgeley,41
Tulsa,98
Pudong,64
Red Deer,86
Hornchurch,90
Manheim,97
Hawthorne,14
Goodhue,78
West Des Moines,63
Daly City,44
Caracas,89
Bowling Green,76
Joplin,99
Broadview Heights,93
Strullendorf,87
Trois-Rivieres,100
Milford,93
Twickenham,93
Skippack,94
Pueblo,91
Beverly Hills,3
Sutton,89
Saint-Tite,100
Royal Oak,75
Bluffdale,49
Fort Worth,100
Goshen,80
Kokomo,81
Powell,93
Fairborn,87
Falls Church,93
Carrboro,96
Woodinville,70
Leamington Spa,95
Fairhaven,93
Southborough,95
Longueuil,100
Bad Soden,94
Liberty,88
Sorocaba,83
Notre Dame,78
Sant Fost De Campsentelles,66
Macao,74
La Jolla,25
Richardson,86
Erskineville,68
Coorparoo,83
Kryniczno,87
Ofallon,86
Gold Coast,61
Fowlerville,93
Wrentham,94
Haverford,100
Gaithersburg,93
Woburn,100
Fuenlabrada,75
Bettendorf,64
Ostrow Wielkopolski,96
Wareham,92
Montelimar,81
Bayard,66
Potomac Falls,96
Valladolid,93
Hermantown,57
Winona,85
Greenfield,59
Zagan,90
Cupertino,39
Idledale,73
Aabenraa,87
Sydney,72
Leesburg,93
Burke,98
To Kwa Wan,59
Shepherdsville,78
Herent,87
Lone Tree,71
Cave Creek,22
Garland,100
Pellenberg,87
Alvaro Obregon,45
Collegeville,94
Edina,58
Bucksport,97
Fountain Valley,4
Farmers Branch,86
Trigueros,65
Prairie Du Sac,78
Green Lane,93
Carthage,67
Egg Harbor Township,87
Sioux Falls,85
Whitewater,81
Princes Risborough,95
Lewis Center,93
New Rochelle,87
Waterville,100
Fairbanks,86
Westmount,100
Weslaco,74
Wilmington,88
Sao Domingos De Rana,87
Grand Prairie,87
Camarillo,27
Fountain Hills,22
Severna Park,100
Mount Joy,93
Chester,100
Hanover Park,74
"Chongqing, Nan Chuan District",93
Belchertown,100
Tijucas,88
Evanston,74
Lake Stevens,75
Santo Andre,82
Mullingar,81
Fair Lawn,93
Hattiesburg,88
Kaunas,82
Cold Ash,94
Rzeszotary,87
Terre Haute,87
Kernersville,100
Poway,25
Granollers,66
Sylvania,75
California,93
Talence,93
Tupelo,82
Breezy Point,67
Johannesburg,44
Brooklawn,100
New Bern,93
Tempo,94
Coraopolis,87
Candia,94
Boxford,93
El Cerrito,78
Kyiv,87
Wynnewood,98
Merrimac,100
Palatine,74
Mahtomedi,62
Jamaica,100
Allen,75
Edmonds,70
Peachtree Corners,93
Hendricks,72
Balkbrug,94
Ridgefield,93
Spanaway,52
Newcastle Upon Tyne,81
Rockwall,100
Bromley,81
Edgware,93
South Burlington,93
Red Hook,97
Oregon,27
West Lawn,100
Bergenfield,93
Sintra,84
Sheboygan,95
San Anselmo,29
Irving,86
Aliquippa,87
Mount Royal,100
Stockholm,93
Mechelen,87
Leetsdale,87
Carmel Valley,38
Elkhorn,97
Ekaterinburg,86
Bauru,73
Chappaqua,100
Middle Village,86
Oak Park,69
Glen Mills,100
Ellington,93
Eagle Mountain,42
Hythe,95
Wallingford,81
Camp Hill,87
Suresnes,93
Blagny,94
Ayer,92
Huntington Park,15
Brampton,70
Lenexa,86
New Cumberland,87
Bad Oeynhausen,76
Euclid,100
Byron Center,86
Poole,90
Haysville,79
Richmond Hill,79
American Canyon,10
Sunnyside,59
Bedford,92
Athboy,81
Drummondville,96
Dayton,87
Topsfield,93
Vigo,100
Carpentersville,74
Chesterbrook,100
Weddington,100
Middleton,94
Whitley Bay,81
Brandon,78
Carlsbad,4
Lakemoor,79
Hannover,76
Bellaterra,66
Gettysburg,98
Marcellus,100
Davie,88
Zibo,52
Mathiston,100
Kitchener,86
Kewaskum,86
Stourbridge,92
Recife,74
Katy,93
Woodville,83
Glenview,69
Westerly,93
Ormond Beach,83
Dresden,81
Vegreville,97
Califon,100
San Salvador,94
Hollidaysburg,93
Livingston,87
Owings Mills,95
Potsdam,95
Longniddry,86
Radovljica,93
Fox Point,59
Los Alamos,100
Roma,93
Honeyville,36
Coyoacan,45
Yardley,100
Emporia,74
Wolhusen,93
New Providence,93
Lambertville,75
Askim,93
Clarksboro,93
Lakeside,88
Kuna,27
Hillsborough,44
Glendale,13
Dubai,38
Richboro,100
Badalona,66
Stellarton,91
Evergreen,85
Lynnwood,70
Plantation,88
Dundonald,87
Horta,87
Simpsonville,88
Strawberry Plains,93
Anjou,100
Belgrano,51
Perry,87
Winter Springs,88
Bassett,100
Walthamstow,81
Virginia Beach,88
Novato,22
Mesa,22
Gillingham,82
Cypress,4
Saraland,88
Franklin,93
Clarence-Rockland,93
Candiac,100
Duesseldorf,76
Little Rock,93
Guanacaste,100
Albany,89
Cape Girardeau,93
Belvedere Tiburon,21
Hermosa Beach,23
Happy Valley,48
Martinsville,100
Foster City,39
Sharon,87
Plessisville,96
Pottstown,100
Cody,78
Apex,93
Bridgeton,100
Saline,93
Los Gatos,21
Torrington,99
Del Mar,25
Fort Lauderdale,88
Sabattus,93
Wokingham,87
Burbank,2
Slippery Rock,97
Mount Clemens,80
South Portland,100
Boulogne-Billancourt,93
Spokane,58
Glen Allen,97
Aschaffenburg,93
Clifton Hill,45
Springhill,93
Olesnica,87
Harlingen,83
Gladesville,68
Bolatice,93
West Wickham,81
Bloomington,62
Talca,51
Cliffside Park,93
Cranford,93
Brossard,100
Utrecht,92
Ravenna,81
San Bruno,43
Alpharetta,95
Westfield,100
Dortmund,76
Petaluma,22
Val-Des-Monts,93
Seymour,99
Arnhem,93
Goodyear,12
Stouffville,77
Confignon,93
Ponte Vedra Beach,88
Cheshire,81
Humanes De Madrid,75
Buffalo,87
Goodview,85
Le Sueur,73
Radford,87
Hardeeville,83
Toulouse,81
Los Altos,39
Concord,18
Haslett,87
Guadalajara,49
Bangalore,94
San Juan,24
Ferndale,75
Griswold,85
Bremerton,75
Mequon,59
Coopersville,89
Worcester,93
Ruston,82
Greer,100
Suwanee,100
Winnipeg,57
Livron-Sur-Drome,81
La Baie,92
Wayland,100
Vic,96
Advance,100
Lake Mary,88
Ski,1
Monument,84
Chongqing,93
Roanoke,88
Abilene,100
Folkestone,99
Delaware,100
Lynchburg,93
Norman,92
Mckinney,93
Derry,90
Bempflingen,87
Ballston Spa,93
Wichita,73
Harwinton,99
Spokane Valley,75
Windermere,93
San Marino,77
Johnstown,93
Upper Nyack,100
Johnson City,82
Beachwood,100
Farra Di Soligo,96
Machida,59
Luquillo,74
Stowe,100
St. Charles,86
Regina,72
Sackville,100
Belleville,100
Kronberg Im Taunus,93
Montcada,54
Summerside,89
Suwon-Si,62
Chelsea,81
Coconut Creek,88
Ecatepec,45
Solna,82
Tres Rios,89
Lille,87
Brookville,93
Naucalpan De Juarez,45
Langhorne,100
Carpentras,87
Canmore,80
Amersfoort,88
Pickerington,87
Black Diamond,78
Elon,87
Arroyo De La Encomienda,93
Halesowen,92
Wellsville,93
Summerfield,100
Walkersville,97
Mooresville,98
Nicholasville,93
Morris Plains,93
Byfield,61
"Shatin, N.t.",47
Berkhamsted,93
Bothell,70
Felton,18
Rockland,97
Grandview,80
The Woodlands,83
Ossining,100
Mars,93
Altamont,26
Aguascalientes,18
San Mauro Pascoli,93
Short Hills,93
Chambersburg,96
Boxborough,100
Everton Park,83
Bentonville,100
Varennes,100
Santo Domingo,100
Medfield,100
Santa Fe,72
West Linn,52
Claymont,93
Pymble,76
Kowloon,56
Algona,100
Bodo,65
Sprakers,93
Waterdown,81
Statesville,93
Piedmont,39
Bryceville,94
St. Cloud,88
Sanford,88
Lake Orion,80
Cornelius,93
Medway,82
Markham,77
Dulles,100
Conegliano,93
Maryland Heights,86
Haverhill,100
Scottsville,76
Benito Juarez,45
Reston,100
League City,88
Groton,93
Doral,78
Cuajimalpa,45
Tempe,13
Pearland,83
Hsinchu,45
Roosevelt,92
Mount Albert,64
Liberty Center,65
Glen Rock,93
Aarhus,93
Harrisburg,87
Jevnaker,100
Southington,81
Beckley,100
Bath,91
Quebec City,100
Horsell,87
Fort Washington,100
Nelson,88
Westborough,96
Callander,93
Ramona,12
Mandan,78
Sherman Oaks,4
Ringwood North,56
Drexel Hill,100
Moncks Corner,100
South Hamilton,81
Sweet Home,71
Olivette,86
Chesterfield,1
Loma Linda,4
Cookshire-Eaton,100
Newcastle,72
Belfast,100
Kilkenny,89
Taguig,74
Nova Lima,77
Bratislava,100
Bridgewater,98
Glen Ellyn,74
Sherwood,93
Alhambra,15
Juneau,70
Ellensburg,69
Domaso,68
Paradise,7
Gdansk,87
Kittery Point,100
Lacombe,86
Red Wing,85
Koeln,87
Salford,93
Houten,85
Tildonk,87
Brecksville,91
Suzhou,89
Gonzales,88
Webster,90
Stephens City,87
Trumbull,87
Hidden Hills,4
Santana,79
Peru,93
Shoreline,70
Coopersburg,100
Williamstown,93
Kingwood,87
Stralsund,92
Caloundra,91
Ocoee,91
Collingwood,93
Eastchester,87
Sochaczew,99
Taoyuan City,51
Carolina Beach,95
Hoffman Estates,74
Mount Holly,93
Poznan,93
Mascouche,94
Listowel,93
Griffin,93
Rochester Hills,75
Strongsville,93
Llinars Del Valles,66
Foshan,44
Candler,92
Dupont,81
Fort Lee,93
Kaiserslautern,100
Greendale,59
Detroit,70
Annandale,93
Streamwood,74
Broussard,83
Union Bridge,93
Easley,100
Wamberal,78
Mandeville,78
Wells,93
Cuckfield,93
Envigado,100
Souderton,100
Millburn,93
Leyden,72
Sidcup,81
Fairdale,76
Nevada,19
Newton Upper Falls,100
Williamsville,87
Henley-On-Thames,100
South Amboy,93
Yates City,76
Villa Nueva,82
Abertillery,97
Etobicoke,70
Fresh Meadows,93
Nobleton,70
Summit,88
Gloucester,88
Fawkner,45
Neuville,100
Georgetown,78
Alicante,44
Templeogue,81
Saratoga,96
Corsicana,93
Riverside,4
Sarasota,100
Bartlesville,92
Long Island City,93
Lyon,87
Wyoming,63
Elk Mound,79
Baraboo,73
Frankfurt,93
Cherbourg,93
Ubly,93
Westerville,93
Guayaquil,73
Mustang,92
Kimmage,81
Rutherford,87
Carmichael,11
Woodbury,79
Banner Elk,98
Worthing,89
Kamiensk,10
Basking Ridge,21
Ancaster,81
Front Royal,94
Haworth,93
Lock Haven,97
Friedland,85
Chagrin Falls,100
Aliso Viejo,4
Edinburgh,87
Pepper Pike,100
Oak Forest,69
Union,93
Alta,92
Wachtberg,86
"Fiddington, Tewkesbury",95
Colomiers,81
Hobbs,92
Malvern,87
Dos Hermanas,87
Krasnodar,81
Spring Lake,93
Chevy Chase,93
West Terre Haute,87
Pescara,62
Nenagh,92
Parma,99
Jemez Pueblo,87
Tamuning,74
Helendale,7
Alameda,9
Uxbridge,92
Columbiana,87
Garnerville,100
Darvel,87
Ascot,93
Jacksonville Beach,88
Basel,93
Cape Town,93
Godalming,87
Statesboro,88
Shawinigan,100
Clio,75
Manhasset,87
Hitchin,93
Amarillo,85
North Palm Beach,100
Staunton,93
Casstown,93
Cloverdale,56
Las Palmas De Gran Canaria,77
Wales,98
Brookhaven,79
Hongkong,57
Boskovice,86
Brick,98
Campodarsego,92
Dunbarton,74
Shetland,93
Cottonwood Heights,54
Sutton Coldfield,93
Newmarket,86
Oporto,91
Breckenridge,97
Terrebonne,94
Forch,93
Powder Springs,88
Lawrenceville,100
Ponchatoula,93
Eagan,58
Goderich,82
Darlinghurst,68
Prince George,87
Crystal Beach,96
Wolfeboro Falls,100
Gaspar,88
Longmeadow,93
Kincardine,87
Parker,94
Lunenburg,98
Walla Walla,69
Euless,100
North Liberty,59
Manvel,100
Brooklyn Park,62
France,88
Montrose,85
Galesville,63
Ufa,91
Mt Vernon,78
Kaohsiung,69
Harrogate,81
Manalapan,99
Arden Hills,58
Roswell,93
Boonton,93
West Friendship,99
Oststeinbek,81
St. John'S,59
Holland,69
Maynard,100
Lee,94
Lansdale,95
Castleknock,81
Stoke,87
Erwin,92
Corrales,88
Valparaiso,93
Brussels,87
Walpole,100
Aibonito,92
Riverwoods,77
Shawnee,63
Lakeland,78
Ira,92
Cagliari,93
New York City,93
Radnor,95
Glenside,94
Mcallen,58
Fort Mill,100
Grimsby,93
Morelia,72
Baie-Comeau,97
Dierks,87
Kuopio,93
Mystic,93
Artarmon,68
Muncie,81
Bardon,83
Bowie,97
Atherton,84
Albertville,93
Felsberg,87
South Boston,93
Saint-Hyacinthe,99
Distrito Federal,88
Sandusky,87
Escazu,100
Timberlea,54
University Heights,100
Graz,87
Southlake,100
Cap Sante,75
Lawrenceburg,81
Uppingham,93
Liverpool,87
Oxley,71
Marion,93
Weehawken,93
Smithfield,100
Chillicothe,93
West Vancouver,75
Capaccio,89
Carlisle,94
Henley On Thames,100
Holly Springs,94
Sanger,50
Ararat,39
Antiguo Cuscatlan,94
Sogamoso,81
Saranac,90
Harahan,83
Durand,80
Lake Barrington,79
Lowestoft,98
Freinsheim,90
Waterford,80
Rowlett,100
South Jordan,47
Shepherdstown,93
Leander,100
Neutral Bay,68
Bloomfield Hills,80
Monterey Park,15
Elmwood Park,74
Alabaster,88
Zaandam,93
Wrightsville Beach,88
Douglas,63
Sonoma,3
Mongkok,57
Woodland Hills,57
El Paso,52
Kingsley,98
Edison,93
Pune,71
Jupiter,100
Bulimba,83
Brunssum,87
Vinton,100
Auckland,64
Lovendegem,79
Fanwood,93
Audubon,100
Belton,86
Edlibach,91
Courtice,87
Bexley,93
Mesquite,100
El Reno,92
Hubbardston,99
South Yarmouth,100
Gosport,88
Greenbelt,93
Barreal,28
Contrecoeur,9
Forest Hills,86
Warrensburg,92
Hingham,93
Pawtucket,100
Toledo,65
Arese,83
Caulfield South,45
Lodi,24
Essex,100
Axminster,89
Michigan City,86
Sabro,93
Wyckoff,93
Las Cruces,69
Milwaukie,52
Prosper,93
Parkton,99
Montgomery Village,93
Leysin,93
Cherry Hills Village,71
Simsbury,93
Demarest,93
Ballymena,93
Batesville,100
Zap,73
Cumming,92
Lo Barnechea,51
Prospect,72
Burton Pidsea,87
Hancock,87
Huelva,67
Larkspur,26
Wheat Ridge,72
Yarralumla,67
Green Mountain Falls,84
Sassuolo,97
Somerset,100
Pleasantville,100
Monrovia,94
Kingston,78
Bainbridge Island,69
Naples,77
Mechanicville,97
Paducah,93
Fullerton,9
Morden,67
Coconut Grove,78
Brewer,87
Puteaux,93
Newark,100
Monterey,42
Owings,91
Hudson Oaks,92
Leamington,70
Budapest,93
Llandrindod Wells,90
Kangasala,100
Argyle,93
Nutley,93
Garden City,70
Stockton,21
Bilbao,71
Midhurst,92
Pleasant Grove,49
Walton,81
Whitecourt,100
Dripping Springs,96
Perth,53
Cheney,58
Lynn,93
Visalia,33
Tyler,100
Henrico,93
Whitehall,93
Wellesley,100
Flower Mound,100
Hanko,93
Rio Claro,77
Notre-Dame-De-L'Ile-Perrot,93
Spearfish,57
Voorhees,100
Herndon,100
Atlantic Mine,63
Paonia,78
Southern Pines,93
Canelones,62
St Louis,100
Higganum,100
Parlin,100
Amos,100
Mcfarland,50
Torrance,14
Waiblingen,87
Saginaw,86
Broadalbin,93
Bismarck,66
Antigonish,92
Slough,93
Otawara,55
Shepherd,100
Galt,18
Vandalia,93
Delafield,97
Barbera Del Valles,66
Englewood,71
American Fork,49
South Bend,80
New Glasgow,93
Skofja Loka,100
Cedar Falls,68
Taunusstein,100
Bornheim,87
Hagerstown,93
County Clare,93
Oakville,72
Maryville,88
Teutopolis,93
Erstein,100
Clifton Park,93
Hsinchu County,63
Prairie Village,86
South Orange,100
Devon,87
Chestnut Hill,100
Vanderhoof,79
Saint-Bruno-De-Montarville,100
Bangkok,78
Tremonton,39
Dodge City,79
Hatfield,93
Coatbridge,89
Center Valley,87
Silvis,64
Turin,87
Prineville,27
Normal,71
Stevenage,93
Maple,78
South Lake Tahoe,8
Norwalk,4
Radom,84
Frederick,93
Watsonville,47
Didcot,100
Oberursel,93
Eagle River,58
Sarnia,80
Sterling Heights,75
Walsall,95
Gentofte,87
Catonsville,93
Perrysburg,70
Sherman,93
Mahwah,20
Annville,100
Baarn,91
Hemlock,69
Wilbraham,100
Altadena,15
Porthcawl,81
Nova Dubnica,80
Benton,86
Holden,93
Kreuzau,87
Shirley,87
Round Rock,93
Hudsonville,87
Granger,80
Keaau,88
Sammamish,57
Blodgett Mills,60
Millbury,93
Salaberry-De-Valleyfield,96
La Trinidad,73
Nazareth,46
Cholsey,100
Lansdowne,100
Binghamton,100
Casablanca,87
Brockton,100
Carbondale,93
Kershaw,93
Tainan,66
Causeway Bay,57
Loughborough,87
Potomac,93
Boylston,93
Hardwick,88
Forney,100
Miguel Hidalgo,45
Guelph,86
Stafford,81
Rocafort,54
Sceaux,93
Roseburg,22
Zacatecas,37
Cranston,93
Burr Ridge,69
Port Matilda,100
Hung Hom,57
Rothesay,93
Campana,51
Spanish Fork,49
Boerne,100
L'Ange-Gardien,96
Ocean Springs,83
Tarentum,81
La Garriga,66
Salisbury,93
Norco,5
Lake Placid,100
Heiloo,93
Liversedge,92
Rancho Santa Margarita,8
Prescott,26
Mamaroneck,100
Fair Oaks Ranch,100
Pully,92
High Bridge,98
Yokohama-Shi,59
Saint Francis,87
Coxs Creek,74
Brookeville,93
Greeneville,82
Medina,9
Sainte-Therese,93
Kingsville,83
Stevens Point,73
Sewickley,87
Takasago,59
Sellersburg,93
Alcoy,56
Bogota D.c.,82
Inglewood,14
Grayslake,69
Sabadell,66
Gerlingen,87
Elizabethtown,93
Selkirk,57
Edinburg,93
Apo,100
Minato,63
Queens,87
Stamford,100
Fribourg,93
Bayside,66
Kaysville,46
Coon Rapids,62
Lyme,94
Tsuen Wan,87
Bonnyville,98
Hyderabad,100
Pozuelo De Alarcon,75
Toccoa,93
Augusta,93
Fareham,88
Hunt Valley,93
Harrow,93
Whitmore,89
Panama City Beach,100
Mckeesport,87
Roaming Shores,100
Sterling,100
Bologna,87
Redwood Falls,72
Avoca Beach,77
Pewaukee,97
Fairview Park,93
Buford,100
Cedar City,30
Coral Springs,88
Brunswick East,45
Abingdon,100
Sierra Vista,16
St. Louis Park,62
Port Chester,100
Point Pleasant Beach,96
Shatin,47
Medowie,72
Midwest City,92
Thiene,97
Orono,87
Kwai Chung,87
Nichols Hills,92
Carrickmacross,89
Cornwall,93
Santander,62
Saratoga Springs,96
Humble,94
Regensburg,87
Martorelles,66
Barendrecht,92
Saranac Lake,100
Market Rasen,100
Quakertown,100
Alpha,98
Helsingborg,94
Taichung,58
Gorham,100
Taunton,91
Longview,93
Lutherville,93
Cheddar,93
New Egypt,100
Noisiel,93
Bordentown,100
Dali,69
New Palestine,100
Kareela,77
Gastonia,87
Mountain Brook,82
Lake Zurich,82
Willow,94
Shutesbury,100
Royston,92
North Canton,87
Leavenworth,82
Sandhausen,96
L'Ancienne-Lorette,100
Sainte-Julie,100
Bernardsville,100
Blue Mounds,74
Finksburg,96
New London,93
Juniata,68
Azusa,25
Makati,74
New Hope,62
Hayward,52
Satellite Beach,78
Valrico,78
Painesville,75
Arlon,95
Blue Springs,80
Omro,63
Drummonds,93
Coventry,87
Baguio City,76
Cottage Grove,62
Montalcino,99
Epsom,93
Deforest,68
Parkdale,51
Saint-Lazare,96
Southgate,70
Hackettstown,100
Alexandra,52
Blaine,62
Castle Pines,71
Merewether,77
Chandler Heights,13
Swampscott,93
Libertyville,69
Springwater,83
Osterville,100
Chino,4
Pikesville,95
Rouyn-Noranda,100
Vacaville,4
Pepperell,89
Locust Grove,100
Great Neck,87
Jamundi,78
Mt. Pleasant,100
Endwell,100
Peachtree City,93
Denton,93
Atenas,76
Nuremberg,93
Vincennes,93
Xi'An,71
Macedonia,96
West Columbia,93
Covina,8
Krawce,91
Guilford,100
Montgat,66
Coburg,97
Fergus Falls,92
Oleszyce,88
Wellfleet,100
Aiken,99
Urbandale,63
Incheon,72
North Berwick,87
Nicholson,93
Greely,73
Sandton,55
Drogheda,81
Shaker Heights,100
Rensselaer,99
Lombard,74
Onalaska,63
'S-Hertogenbosch,79
Greentown,87
Western Springs,69
Tewksbury,100
Bergdietikon,93
Cold Spring,81
Waconia,73
Winnetka,69
Treiten,91
Rockville Centre,100
Burgos,93
Vitacura,51
Szczecin,100
Willoughby,75
Celina,93
Larchmont,100
Queretaro,14
Hamminkeln,85
Haarlem,93
Wivenhoe,100
Rochford,87
Corona Del Mar,4
Timonium,93
Wrightwood,8
Murrieta,5
Haines City,93
Erkelenz,88
Affton,100
Barstow,5
Chadron,89
Lee'S Summit,80
Berchem,93
Takatsuki,55
Redlands,4
Lindon,49
New Britain,81
Highland Park,75
Lake Charles,83
Beaconsfield,93
Chino Hills,4
Barrie,86
Holywood,93
Gig Harbor,61
New Jersey,100
Sunbury,45
Shelton,100
Bielefeld,84
Lurgan,93
Fall River,93
Manotick,93
Clover,87
Komae,59
Dawson,83
Paasdorf,85
Sylmar,3
Montclair,93
Fallbrook,5
Corte Madera,28
South Barrington,74
Balaclava,68
Sevenoaks,96
Panama,80
Manchester Center,97
Dalkey,81
Rydal,94
Wellington,93
Line Lexington,100
Danville,93
Somers,69
Duxbury,100
Lynwood,14
Oriskany,93
Socorro,64
Kewadin,84
West Warwick,93
Old Bridge,100
Kannapolis,93
Saskatoon,53
Leuven,93
Warner Robins,100
Saint-Prosper,95
Camberwell,45
Ashby De La Zouch,87
Pierrefonds,93
Greenwich,100
Morrison,69
Bakerstown,93
Osaka,55
Krzepice,85
Bellefonte,100
Pittsfield,93
Huzhou,69
Koksijde,93
Turnersville,100
Kew,55
Castlewellan,93
New Baltimore,80
Santa Maria,93
Awbridge,87
La Seu D'Urgell,82
El Dorado Hills,1
Chestnut Ridge,98
West Peterborough,93
Wayzata,62
Rocky Point,93
Spalding,100
Potterville,88
Moreland Hills,100
Vail,26
Sarpsborg,100
Tijuana,45
Mill Creek,70
New Hartford,97
Letterkenny,89
Deary,74
Mattawan,80
Lake Quivira,86
Edwards,85
Domzale,100
Stillwater Lake,72
Herlev,87
Vestal,100
Litchfield,94
Tigard,54
Lakeway,94
Atlantic Beach,88
Baldwin,76
Kellyville,98
Litchfield Park,13
Polk City,68
Pocomoke,97
Antrim,93
Vicente Lopez,51
Lawrence,86
Burnsville,67
Stonehaven,87
Himeji,59
Oudenaarde,93
George,100
Seal Cove,84
Branson,100
Dillsburg,87
Inagi,59
Central Islip,100
Montpelier,100
Zwijnaarde,79
Taoyuan,73
Bookham,77
Hastings-On-Hudson,100
Rouse Hill,63
Friendsville,88
Meelick,91
New Ipswich,93
Science Hill,81
Huntingdon Valley,100
Inverurie,87
Yuen Long,54
West Bloomfield,93
Kaohsiung City,74
Surbiton,93
Prestwick,87
Yorkville,80
Citrus Heights,10
Antlers,93
Shibuya,55
Kingston Upon Thames,93
New Canaan,98
Milpitas,39
Sevres,93
Fort Myers,94
Oconomowoc,97
Blumenau,94
Fiskdale,98
Corning,93
Bridge Of Weir,93
Dauphin,62
Hellertown,93
Nantes,100
Menomonie,73
Inverary,93
Nanterre,93
Galena,68
Wrenshall,57
Framingham,96
Hewitt,87
Nashua,93
Rock Island,64
Melsele,87
Langley,74
Havant,86
Ashtabula,100
Linden,94
Natick,96
Athens,76
Hollister,16
Oak Ridge,82
Joliet,77
Hausham,1
Fairport,100
Irmo,93
Saint Augustine,88
The Pas,67
Gdynia,93
Lenox,93
Mays Landing,100
Bangor,93
Miraflores,45
Naas,81
Maliano,62
Ballina,73
Culver City,3
Odenton,93
Guatemala City,82
Alice,78
Wien,76
Exeter,87
Buenos Aires,51
Starnberg,93
Connellsville,98
Toyonaka,55
Dracut,100
Markkleeberg,88
Sherrodsville,100
Rock Springs,56
Marshfield,58
Bridgeport,93
Castlebar,75
Wadsworth,97
Wauregan,94
Silver City,61
Imperial Beach,49
Dacula,100
Letchworth,93
Boonville,96
Poolesville,5
Berkley,75
Vicksburg,100
Appleton,50
Coimbra,93
Ottaviano,77
Dongguan,57
Narberth,93
Allenstown,58
Bountiful,48
Tampere,100
Crestwood,100
Reykjavik,64
Tremelo,87
Chicago Ridge,69
Massama,87
Ogdensburg,93
Castle Rock,80
Berthoud,100
High Ridge,87
Ballerup,90
Horsham,93
Long Valley,99
Welland,91
New Albany,93
Pleasant Hill,18
La Prairie,100
La Plata,78
Mendham,93
Brea,9
Ageo,14
Port Allegany,99
Bolivar,94
North Fort Myers,94
Luxembourg,97
Oviedo,66
Medley,92
Harrison,88
West Boylston,93
Newport Beach,4
Strathmore,78
Stekene,94
Ventanilla,82
Fletcher,87
Murrumbeena,56
Erlanger,81
Mulvane,79
Grosse Pointe Shores,70
Ralston,58
Cudahy,15
Boardman,94
Vineland,100
Pinecrest,83
San Pedro Garza Garcia,54
Kilbeggan,94
Wiesent,93
Arnold,94
Camprodon,76
Grove City,93
Cholet,94
Nicolet,100
Chula Vista,49
Ellsworth,100
Pinckney,86
Leon,34
Orting,75
Comstock Park,87
Springvale,100
Letchworth Garden City,93
Bradbury,15
South Ockendon,90
Valby,87
Nymburk,93
Littlestown,99
Coral Gables,78
Monaco,71
Somerdale,100
Epping,65
Moorpark,27
Bradenton,94
The Hague,91
Feldbach,93
Uniontown,60
Ensenada,30
Lithia,81
Hilversum,91
Goiania,88
Sugar Grove,80
Malabar,77
New Taipei,69
Mercier,93
Kennewick,51
Chorrillos,79
Kissimmee,88
Warrington,93
Hope,78
Winfield,86
Decorah,73
Findley Lake,97
Marlton,100
Glenwood Springs,84
Coteau-Du-Lac,96
Newtown,77
St. Lucia,83
Traralgon,85
Matawan,84
Junortoun,47
Sidney,77
Fenton,75
North Richland Hills,100
Providencia,43
Bahia Blanca,36
New Braunfels,81
Rosemere,93
Chinchilla,31
Sonora,24
Plattsburgh,93
Rosario,51
Victoriaville,100
Dodgeville,68
Kowloon Bay,57
Leer,91
Eastleigh,1
Santa Catarina,88
Oak Harbor,65
Salamanca,93
Grand Haven,84
Tangerang,74
Derby,87
Towcester,100
Cleveland Heights,100
Lachine,93
Sound Beach,93
Pound,100
La Crescenta,2
Cedar Park,100
Burford,93
Selbyville,93
Interlaken,47
Mont-Sur-Rolle,93
Boadilla Del Monte,75
Red Rock,68
Yarmouth,100
Waynesboro,93
Lewisburg,93
Dinsmore,62
Wexford,99
Ajax,87
Phoenixville,100
Hoover,88
Gibsonia,78
Chacao,89
Port Trevorton,93
Diana,78
Lincolnshire,93
Riverbank,17
Vista,3
Holyhead,57
Laguna Niguel,5
Westchester,78
Nowata,94
Oak Run,7
Cordova,100
Central Falls,100
Dun Laoghaire,81
Superior,53
Ixelles,87
Takayama,48
Del Aire,14
Willowick,100
Bezons,93
Northbridge,92
Crowthorne,93
Taylors Hill,42
Helper,28
Ljubljana,100
The Dalles,51
Dunstable,93
Park City,69
Lane Cove West,77
College Park,93
La Habra,15
Algiers,93
Nordborg,87
South Pasadena,15
Erskine,86
Spardorf,93
La Canada,14
Glencoe,94
San Luis Obispo,63
Swarzedz,93
Bastorf,93
Kawasaki,59
Lier,87
Sandy Hook,93
Edgewater,83
Uppsala,100
Newton Highlands,100
Chorley,92
Robards,93
Lihue,88
Tiffin,95
Manassas,100
Minoh,55
Breda,100
Barnstaple,90
Commerce,15
Tonganoxie,86
North Salem,100
Beauharnois,93
Walton-On-Thames,93
South Glastonbury,81
Aachen,85
Kashiwa,33
Nolanville,100
Narrabundah,62
Truckee,18
Janesville,80
Chichester,92
Lutz,82
Herriman,46
Cameron Park,10
Mohawk,95
Freedom,47
Bryn Athyn,100
Kill Devil Hills,100
Caledon East,70
Cedarburg,74
West Pittston,93
Pulheim,85
Deatsville,92
Vicenza,93
North Olmsted,93
Murphys,24
Lachute,93
Brockville,93
Portola Valley,39
Coppell,100
Old Bethpage,93
Vero Beach,83
Granite City,100
Hook,93
Harwich,82
Squamish,72
Kiev,87
Chia,82
Ivry-Sur-Seine,93
Johns Creek,93
Rotherham,90
Viimsi Vald,93
West Newfield,87
Chennai,94
Vashon Island,57
Hillsdale,93
Usini,67
Glandore,100
Orefield,93
Oosterzele,79
Bussum,94
Norristown,93
Elkhart,80
Milton Keynes,95
Caraquet,93
Le Gosier,94
Orangeville,85
South Windsor,93
New Carlisle,87
New Paris,100
Huntley,78
Oberwil,93
Batavia,69
Wallington,93
Monson,96
Caledon Village,80
Albion,83
Genova,90
Voiluoto,100
Vichtenstein,91
Galway,93
Elverson,98
Brandenburg,81
Morristown,93
Weston Lakes,93
Lawton,100
La Verne,8
Jamison,79
Olympia,70
West Jordan,48
Mont-Laurier,94
Orange,5
West Suffield,93
Needham Heights,100
Tallmadge,95
Langenthal,95
Marfa,81
Coquitlam,73
Vilaplana,54
North Ridgeville,81
Feldafing,93
Ooltgensplaat,69
Matthews,100
Central,83
Knoxfield,52
West Point,100
West Orange,93
Turner,97
West Lafayette,81
Bentleyville,88
Stockport,93
Solihull,87
Pau,87
Cedar Grove,93
Panama City,94
Hortonville,50
Pompton Plains,93
Metepec,58
Guarulhos,88
Sireti,100
Chiba,55
Cold Spring Harbor,93
Nova Friburgo,97
Santos,26
Buena Vista,86
North Oaks,58
Emeryville,36
Oxnard,51
Santa Rosa,74
Yonkers,93
Erdokertes,93
Kapolei,74
Delevan,100
Cayey,93
Columbia City,79
Windham,87
Shoreham,97
Reseda,4
Flagler Beach,88
Lindsay,33
Selargius,93
Setagaya,59
Findlay,87
Garza Garcia,54
Sleepy Hollow,100
Wytheville,92
Nicosia,42
Dunwoody,93
Victor,96
South Deerfield,99
Braunschweig,76
Greystones,93
Monongahela,87
Dzierzoniow,87
Hampton,100
Colchester,100
Galion,93
Marlborough,88
Alcobendas,70
San Fior,93
Cascina,82
Cerveteri,72
Bad Zwischenahn,87
Veenendaal,91
Ridgeland,100
Agassiz,76
Tianjin,18
Stadtroda,94
Modesto,17
East Boston,93
Kamloops,80
Bensenville,74
Parkville,100
Flemington,91
Saugus,93
Morton,78
Bonneville,93
Rancho Cucamonga,3
Apache Junction,13
Glen Osmond,59
Luzern,93
Dunbar,93
Fort Madison,74
Port Lavaca,77
Jaboticabal,69
Bucharest,100
Heredia,100
Odessa,100
Surco,82
Blackwood,92
Facatativa,82
Fond Du Lac,63
La Mesa,10
Tinley Park,74
Elizabeth,100
Deerfield Beach,83
Whitehaven,90
Purley,97
Quito,93
East Sandwich,100
Bryne,76
Rouen,93
Havertown,100
Pasto,90
Zhoushan,66
Trim,81
Rockaway,93
Venice,100
East Amherst,87
Rhyl,89
Cocoa Beach,78
Mccook,67
Victorville,38
Castorland,100
Franksville,69
Laconia,100
Willow Grove,100
Newton Center,93
Seal Beach,17
Sinking Spring,100
Lyndhurst,93
Berango,71
Centerton,100
Pikeville,100
Coldwater,80
Ribe,93
Garfield,100
Franklinton,93
Millis,96
Abu Dhabi,41
Ventura,41
Spicewood,93
Ayase,45
Farmersville,33
Keller,93
Oakhurst,99
Horseheads,93
Clemmons,93
Conway,100
Swansboro,88
Dolny Kubin,87
Matagami,85
Gefrees,90
Darmstadt,86
Kristianstad,100
Asbury Park,99
Mont-Joli,98
"Kowloon, Hk",57
Limavady,93
Barranco,83
Kuala Lumpur,70
Stow,87
Temple,100
Bergen,81
Joshua,100
Dallastown,93
Waterbury Center,93
Elkin,93
Bloomfield,93
Patrickswell,93
St Albans,93
Brasschaat,87
Monza,87
Portishead,93
Southport,90
Belleair,78
Willimantic,87
Northport,93
North Barrington,79
Mount Kisco,100
Saint Augustine Beach,88
Hadley,87
Bronxville,100
Sumter,91
St. Petersburg,87
Lemoyne,87
Wisconsin Rapids,63
Prior Lake,62
Staples,78
Dorr,85
Farmington,63
Severn,93
Lummen,87
Pittstown,98
Olofstroem,100
South Surrey,80
South Huntington,93
Cali,78
Tuckahoe,99
Cappella Maggiore,93
Sant Andreu De La Barca,66
Flat Rock,70
Palm City,78
Yilan,69
Holliston,98
Fitzroy North,45
Melville,93
Hannibal,83
Feltham,93
Cottontown,82
El Segundo,23
Trinity,94
Granada,69
Hermosillo,11
Three Rivers,75
Bad Laasphe,87
Cabot,100
Epalinges,96
Kutztown,99
Carugate,87
Port Washington,87
Upper Saddle River,98
Kanata,93
Longwood,88
Sun Valley,17
Wayne,70
Hanau,95
Middleburg,88
Villeurbanne,87
Arleta,93
Hollywood Hills,2
Forest,93
Huixquilucan,58
Utica,91
Grand Island,53
Wembley Downs,49
Llanelli,81
San Juan De Los Lagos,18
Market Drayton,87
Pattaya,88
Moraga,18
North Aurora,69
Chalfont,100
Marblehead,93
Minnetonka,62
Buzzards Bay,100
Pleasanton,9
Flushing,93
Etzenricht,93
Cucuta,83
Chengdu,93
Norwood,100
Braga,90
Stirling,95
Gent,79
Chittenango,98
Val-David,93
Tarrytown,100
York Haven,93
Robbinsville,100
Dix Hills,93
Hartland,97
Boonsboro,95
Sellersville,100
La Grange,100
Weatherford,94
Dixon,8
Barre,100
Echallens,96
Mebane,87
Lisle,69
Ferntree Gully,52
Baden,89
South River,97
Nanaimo,80
Spruce Head,93
Nettuno,80
Hummelstown,93
Maineville,100
Sciota,84
Hales Corners,95
Francestown,99
Otis,98
Sherwood Park,100
Clymer,100
Dyersburg,93
Charlton,93
Signal Hill,17
Stadtbergen,93
Den Hoorn,94
St. Albert,100
Clare,95
Oceanside,4
Ringwood,98
Whitinsville,94
Jablonna,93
Safi,79
Markleville,93
Niteroi,88
Elmira,93
White Rock,81
Tracy,10
Bellaire,88
Oradell,93
Bella Vista,100
Billerica,100
Menahga,66
Roslyn,87
Negaunee,85
Ham Lake,78
Whitmore Lake,82
Northcote,45
North Grafton,93
St Michaels,87
Kamakura,35
Bridgeville,87
Vich,93
Flemalle,93
Bay City,69
Yorba Linda,4
Rimouski,97
Cockeysville,93
Gwalior,27
Glen Carbon,100
Camp Verde,22
Worcestershire,86
Mobile,88
Millbrook,100
Kimball,71
Parchment,82
Segovia,72
Bobrowiec,100
Teddington,93
Emsworth,86
Levittown,100
Santa Catarina Pinula,82
Greenwood,100
Anaheim,4
Kilgore,93
Corbetta,81
Osceola,94
Bellefontaine,88
Inverness,87
Fox River Grove,79
Westville,80
Sao Jose Dos Campos,88
Foxboro,93
Quantico,93
West Yarmouth,100
Jakarta,66
Conception Bay South,76
Riano,89
North Chelmsford,99
Wakefield,91
St. Helena,100
Werl,86
East Rockaway,100
Morgan Hill,14
Greenland,100
Sint-Amandsberg,79
Kopavogur,60
Mechanicsburg,96
Kristiansand,93
Brantford,78
Hereford,93
Bixby,95
Delhi,77
Jamestown,100
Cressona,100
Hershey,93
Trenton,100
Kauniainen,100
Washington Grove,93
Kenai,80
Binbrook,81
Las Rozas,99
Ribeirao Preto,69
Aberdeenshire,87
Liebefeld,100
Santiago De Chile,51
Marquette,85
Worms,95
Stoughton,100
Duncan,92
Chesterland,100
Raymond,97
Augsburg,93
West Hills,4
Camperdown,77
Begnins,93
South Padre Island,78
Beaver,87
Hackensack,93
North East,90
Helmstedt,76
Swedesboro,100
Tamarac,88
Neuilly,91
East York,93
Lake In The Hills,79
St. George,100
Malaga,54
Fort Smith,93
Gold River,12
Collingdale,100
Glenmoore,100
Boone,95
North Bay,92
Venetia,100
Mukilteo,70
Herne,78
Ehringshausen,92
Ashburnham,99
Quarrata,93
Sint-Truiden,87
Turku,93
Norwich,87
Troutville,87
Chicoutimi,92
Alghero,67
Canandaigua,99
Hockessin,95
Adams Basin,93
Hudiviller,93
Spring Grove,78
Soligorsk,83
New Milford,93
Deerlijk,89
Modena,97
Osaka-Shi,55
Trieste,82
Windsor Junction,92
Peterborough,93
Clarendon Hills,69
Jiaxing,64
Bloomsbury,42
Brewster,100
Splendora,85
Muenster,81
Ivor,100
Verona,93
Scotts Valley,22
Antwerpen,87
Oakham,93
Armenia,60
Deinze,89
Sommo,81
Mission Hills,63
Maceio,88
Maumee,65
Bennebroek,93
Helotes,100
Daejeon,51
Whippany,93
Denmark,93
Conches,93
Gem Lake,67
Pickering,87
Torbay,59
Saint Etienne,99
Dedham,100
Upper Marlboro,100
Marlboro,93
West Newton,89
Zephyrhills,83
Sao Goncalo,88
Mableton,88
Throop,93
Hokkaido,81
Brooksville,78
Lakeville,67
Cuiaba,69
Fairfax Station,100
Copperas Cove,93
Alzey,79
Chico,7
Girona,100
Concon,83
Titusville,83
Myrtle Beach,93
Boxmeer,93
Auchenflower,78
Eunice,83
Bayreuth,82
Morpeth,81
Guetersloh,84
Xiamen,57
Miramas,81
Green Bay,68
Marshfield Hills,100
Schwenksville,100
Rossville,100
Leipzig,81
Southold,100
Shingu,45
Lockport,80
Napa,11
Lanesborough,93
Gearhart,76
Bayport,100
Sandy Springs,93
Davison,67
Tainan City,58
Leominster,92
Wind Gap,97
Yorktown Heights,97
Kenora,53
Sanming,49
Espoo,100
Barletta,87
Sussex,93
Ponte Vedra,88
Penticton,55
Poularies,100
Fort Bragg,100
Boulder City,13
Blaydon,81
Coatepec,84
Vila Nova De Gaia,100
Cornella De Llobregat,58
Cape May,100
Bern,100
Warminster,95
San Giovanni Valdarno,93
Middlebury,100
Belle Chasse,100
Tadley,93
Cohasset,96
Thorndale,100
Evans,88
Ono,59
Neubiberg,96
West Hollywood,7
Waukegan,69
Daphne,100
Navarre,88
Conshohocken,93
Port Moody,73
Nussbach,1
Norwell,96
Mount Vernon,87
Wenham,93
Alachua,100
Jericho,14
Dalian,26
Maisach,93
Carpi,94
Newberry,100
Haveluy,93
Esplugues De Llobregat,58
Markgrafneusiedl,76
Orem,49
97411,61
Lantana,88
Kariya,52
Wilhering,93
Becket,94
Tuggen,91
Mangrove Mountain,86
West Lebanon,87
Buncrana,88
Wildwood,86
Skjern,76
Prato,93
Neukirch,82
Strafford,93
Grande-Digue,100
Deer Park,88
Orwell,97
Griffith,74
St George,77
Penfield,59
Jeffersonville,93
Mount Uniacke,74
Cherry Hill,100
Warrenton,63
Floral Park,100
Ornskoldsvik,100
Hyattsville,93
Saint-Basile-Le-Grand,100
Powell Butte,27
White Bear Lake,79
Ludhiana,72
Winsted,99
Otsego,73
Heidenheim,92
Selma,50
Sebastian,93
Koriyama,55
Milan,87
Pinehurst,100
Wake Forest,97
Missouri City,100
Raamsdonksveer,93
Camorino,81
Pineville,77
Whispering Pines,100
Bar Harbor,100
Sassari,67
Edgewood,100
Fitchburg,92
Tuningen,92
Halethorpe,93
Billings,57
Villa Park,74
Chungcheongnam-Do,55
Scandia,73
Westmont,17
North Middletown,99
Valley Falls,100
Northville,85
Adrian,75
Cameron,83
Como,89
Campo Grande,100
Gilford,100
Thousand Oaks,40
Klosterneuburg,80
Kohler,63
Mechanicsville,100
Kendall Park,99
Marieville,100
Oak Hill,100
Port Elizabeth,93
Rimforsa,93
Armonk,100
Dalkeith,86
Qualicum Beach,88
Hull,87
East Haven,100
Sondrio,96
A Coruna,82
Nolensville,87
Castellon,66
River Falls,67
Carrickfergus,93
Barkhamsted,93
Raynham,98
Natal,88
Enola,87
Huerth,87
Newnan,88
Steinbach,93
Lodz,87
Capo D'Orlando,57
Wuyishan,53
Taiyuan,16
Springville,49
Plymouth Meeting,93
Alta Loma,6
Ottawa Hills,75
Schofield,73
Sugarland,64
Tyngsboro,95
Seaford,89
Bossier City,82
Cesena,93
Lainate,99
Castro Valley,45
Geelong,63
Upton,92
Anderson,88
Tai Po,83
Ringsted,100
Gallup,73
San Carlos,92
Mission Viejo,7
Whitman,87
North Cambridge,87
Rancho Cordova,10
Allentown,93
Guiyang,82
Little Ferry,93
St Johns,90
Gregory,100
Wimereux,93
Fairfield,100
Silverdale,75
Scotia,93
Changsha,82
Birdsboro,100
New Castle,100
Lisburn,93
Gulf Shores,88
Schlierbach,85
Elversele,94
Mooretown,80
Cowdenbeath,93
Casa Grande,16
Montevarchi,93
Enfield,59
Freeport,100
Merrill,85
Fall City,67
Aumuehle,73
Hyogo,72
Newfields,100
Angwin,10
Pico Rivera,21
Mirabeau,82
Higashikurume,59
Red Lion,97
"Futian District,shenzhen",54
Wynantskill,81
Salinas,54
Waterbury,100
Moss Landing,50
Gladstone,78
Idaho Falls,50
Loyal,92
Los Mochis,61
Flensburg,81
Asti,88
Springbrook,64
Sheridan,67
Urayasu,55
Gurnee,69
Little Bay,85
Temecula,7
Solon,87
Novi Sad,100
Vedano Olona,73
Treviso,100
Mt Pleasant,97
Schwarzenburg,93
Duncraig,49
Seo-Gu,63
Vianen,90
Waunakee,68
La Bazoge,100
Sande,87
Ponte San Pietro,100
Lynbrook,100
South San Francisco,43
Kennedy Town,58
Copley,25
Fagnano Olona,81
Chardon,96
Erandio,81
Corinth,82
Kiel,87
New Westminster,75
Bascharage,89
Lysterfield,51
Almelo,95
Edwardsville,100
Taufkirchen,96
Castellarano,97
Pereira,89
Purcellville,99
Gahanna,93
Ijamsville,84
North Attleborough,100
Oreland,94
Lake Success,87
Rocky Hill,92
North Caldwell,93
Brownstown,99
San Pedro,74
Tin Shui Wai,54
Harpswell,93
"Shinagawa-Ku,",59
Latham,74
Aberystwyth,100
Cervignano Del Friuli,82
Laarne,79
Surville,81
Medan,79
West Springfield,100
Okayama,55
East Taunton,98
Ellijay,93
Andong,51
Osselle,87
Stony Point,97
Hove,92
Excelsior,67
Spicer,85
Plainville,81
Cleburne,100
Assonet,93
Holsbeek,93
Apison,77
Aprilia,77
New Smyrna Beach,83
Amstelveen,93
Kildare,87
Hiroshima,67
Temuka,49
Saint Petersburg,87
White Salmon,74
Loudon,90
Edemissen,91
Boxboro,100
Wellesley Hills,100
Minden,76
Stayton,70
Cerritos,8
Carver,73
Rosebery,28
Jiashan,64
Lahti,87
Meadville,93
Sheboygan Falls,63
Little Falls,93
Etten-Leur,84
Page,31
Norway,73
Orta Di Atella,82
Tarxien,77
Hwaseong-Si,62
Arnsberg,87
Shaoxing,64
Mishawaka,80
Dianella,49
Winterville,100
Kentville,100
Signal Mountain,77
Sturbridge,98
Lincolnton,100
Santa Perpetua De Mogoda,75
Pike Road,88
Roeselare,93
Agrigento,1
Pearsall,71
Santa Clarita,3
Cherveux,93
Becancour,100
Noda,44
Kaneohe,74
Leefdaal,87
College Place,74
Risskov,87
Florham Park,93
Mattoon,100
Hart Bei Graz,93
Xalapa,93
Suffield,74
Philomath,69
Arlington Heights,69
Wesley Chapel,83
Lagrange,100
Foothill Ranch,4
Winterthur,93
Eden Prairie,67
Saga,59
Villemomble,87
Majadahonda,75
Soto Del Real,55
Syosset,100
Zama,48
Royersford,98
Queensbury,95
Thornbury,93
New Port Richey,67
Applecross,60
Bolton,94
Stocksund,93
Linkoping,93
Readsboro,87
Torshavn,66
Farmington Hills,80
Hinesburg,93
Perkiomenville,100
Crystal,67
St. Peters,86
Muang,68
Greensburg,100
Buckland,99
Berwick,94
Mccall,37
Rehoboth,42
East Stroudsburg,96
Rowland Heights,8
Shelbyville,87
Jabriya,51
Saint-Guillaume,96
Allmendingen,93
Killiney,88
Sun City,15
Iwaki,54
Zhongshan,74
Jonesboro,87
Smiths Falls,95
Bigues I Riells,75
North Mankato,92
Hooksett,93
Old Lyme,100
Forest City,83
Tapachula,100
Caldicot,98
Wuxi,43
Richlands,93
Oshkosh,63
North Little Rock,93
Kyotango,59
Far Hills,100
Perris,3
Lecco,85
Colmar,100
Alella,75
Celebration,88
Oro Valley,21
Saint-Augustin,82
Villarlod,93
Jinan,50
Pompano Beach,83
Sevilla,93
Ocean Isle Beach,95
Klagenfurt,81
Mcgregor,94
Canby,56
Menden,76
Blainville,93
Alkmaar,93
Hainfeld,61
Free Union,93
Limburg,88
Hazlet,85
Chatuchak,69
Townsend,98
San Angelo,86
Tuxtla Gutierrez,73
Eichgraben,84
West Islip,100
Ponte Di Piave,93
Woking,93
Virum,89
Stephenville,93
San Isidro,82
Nijkerk,94
Orizaba,78
Haleiwa,94
Takoma Park,93
Essex Junction,93
Yuyao,64
Seaton,59
Orangeburg,100
Bastrop,87
Attleboro,100
Caledon,88
Mokena,80
West Windsor,88
Alpena,86
Ligonier,80
San Giovanni In Persiceto,87
Southend,97
Nassau Bay,88
Belveglio,89
Padova,95
Alava,81
Overijse,87
Lodosa,87
Uitgeest,90
Saint-Vallier,76
Sebastopol,70
Wetzlar,94
Cadiz,93
Alfred Station,93
East Walpole,93
Craughwell,92
Macau,74
Nagano,57
Osasco,88
Merrick,100
Codogno,85
Banks,90
Simcoe,81
Dennis,100
Fort Walton Beach,88
Rieti,100
Kerns,93
Vigevano,85
Livonia,70
Eraclea,100
Plainview,100
Carshalton,90
Franklinville,100
West Bath,97
Watkinsville,88
Hermitage,93
Hartford,92
Ammon,50
Marseille,71
Londonderry,90
Marbella,58
Spring Valley,8
Agoura Hills,7
Papillion,58
Hohen Neuendorf,93
Granite Bay,19
Palm Harbor,78
Bischofszell,97
Meadow Springs,86
Rochelle Park,93
Berwyn,64
Warendorf,81
Varese,73
Westbrook,100
Boeheimkirchen,82
Dewitt,74
Bellmore,100
Hawley,52
South Grafton,53
North Ogden,39
"Kagoshima-Shi,",64
Groveland,89
Swanzey,100
Eagle,40
Verlinghem,87
Njardvik,74
West Barnstable,100
Panningen,88
Dellroy,100
Bandon,100
Grain Valley,86
Bonn,87
Dietikon,93
Richfield,67
Marco Island,88
Southfield,75
Leioa,81
Nags Head,100
Sallynoggin,81
Marchirolo,81
Sechelt,89
Hickory,48
Santa Lucia Di Piave,96
Ellon,87
Den Haag,93
Kings Mountain,82
Montesson,93
East Fairfield,87
Campbell,81
Varberg,87
Carterton,93
Cochrane,93
Owen Sound,94
Danielson,94
Plainwell,87
Great Falls,63
Harderwijk,91
Cornedo Vicentino,93
Selden,100
Dobris,88
Palisades Park,93
Acushnet,100
Beckum,75
Turramurra,63
Saint Peter,78
Malsch,87
Torrelodones,69
Kurume,60
Sartell,73
Fort Meade,100
Hyrum,42
Brewood,95
Stratham,100
Allen Park,70
Turlock,23
Cape Porpoise,100
Groningen,93
Shumway,93
Sherborn,93
Port Republic,93
New Richmond,79
Twinsburg,87
Arkhangelsk,93
Port Orchard,86
Taastrup,100
Los Osos,51
Stoney Creek,81
Huntington Station,100
Spring Lake Heights,96
Nantong,43
Grosspoesna,88
Seneca Falls,95
El Sobrante,27
Meudon,93
Coeur D'Alene,74
Palmarolle,92
Crescent,100
Russell,88
Christ Church,78
Oswego,87
Peoria,69
Capriolo,100
King Of Prussia,94
Warfield,93
Washougal,52
Karlsruhe,86
Congers,99
Zollikon,93
Phenix City,83
Osprey,100
Arandas,62
Mount Gretna,99
Firenze,100
Molfetta,81
Beaver Bank,100
Kuernach,90
Selah,40
Schilde,87
Gardner,98
Raeford,93
Chianni,78
Fontana,6
Newberg,56
Lomas De Zamora,81
South Lyon,93
The Villages,94
Aspendale Gardens,51
Skibby,95
Lleida,93
Lawndale,17
New Madison,95
Mankato,92
Biberist,100
Freehold,97
Red Bank,93
Wendell,98
Gardabaer,60
Belle River,70
Caldas Da Rainha,79
Whitby,83
Bari,81
Las Rozas De Madrid,75
Kodak,71
Hoschton,100
Schoelcher,88
Cambridgeshire,94
Royalston,100
Dalton,82
Calamba City,66
Ilderton,86
Sanborn,87
Oranjestad,78
Alden,93
Aabybro,94
Ripon,87
Palmyra,33
Elsworth,89
Etna,87
O'Connor,67
Federal Way,66
Canal Fulton,87
Schuepfen,100
Bonne,93
Astorga,93
Birch Bay,75
University Park,78
Coos Bay,61
Valley Stream,100
Stonington,95
Whitchurch,87
Cuautitlan Izcalli,45
Lake Jackson,88
Murfreesboro,82
South Hedland,62
West Bridgewater,93
Herdecke,76
Leidschendam,93
Tilst,87
Ashby,96
Hesperia,11
Sunrise,88
Ribabellosa,87
Buckingham,93
Swarthmore,100
East Weymouth,100
Solana Beach,3
Zuidhorn,93
Lam Tin,51
Bodegraven,94
Steenbergen,87
San Siro,81
Crosshill,93
Sointula,100
Mermaid Waters,64
Blandford,48
Kobe,52
Skoghall,100
Kenosha,69
Wassenberg,81
Poitiers,93
Camdenton,99
Langenfeld,85
Emerald Hills,37
Luxemburg,93
Floirac,93
Deniliquin,49
Watt,97
Foster,96
The Willows,20
Perigueux,97
Checy,100
Sumner,87
Dunn Loring,93
Blauvelt,96
Culiacan,69
Lugano,81
Tifton,88
Matsudo,56
Murrells Inlet,93
Bow,93
Torrelles De Llobregat,58
Purchase,100
Mont Vernon,93
Rochdale,95
Locarno,81
East Providence,100
Aberdare,92
Slidell,93
Koka,93
Oldebroek,89
Esbjerg,93
Pacific Grove,56
Sapporo,87
Mattapoisett,100
Gulf Breeze,88
New Lambton,72
Revere,93
Cohoes,96
Moore,92
Plympton,89
Choctaw,92
South Weymouth,100
Holyoke,100
Oudenhoorn,91
Cotuit,100
New Market,93
Kyoto,49
Branford,100
Daqing,53
Rancho Mirage,4
Pembroke Pines,88
Lewes,98
Bromham,94
Sorrento,77
Lobethal,59
Pforzheim,1
Navi Mumbai,45
Clemson,93
West Seneca,87
Taupo,75
Wiscasset,100
Qingdao,52
Weihenzell,100
Tully,49
Alesund,87
El Prat De Llobregat,58
Battle Creek,89
East Ryde,77
Kleinmachnow,93
Incline Village,62
Provincetown,100
Lake Worth,88
Forestdale,88
Hollywood,14
Orillia,96
Isleworth,93
Craig,77
Nouaceur,82
Pujaudran,87
Apollo Beach,78
Nahant,93
Saint-Julien-En-Genevois,93
Adria,93
Pagosa Springs,100
Mariakerke,79
Prawet,69
Torrejon De Ardoz,93
Boynton Beach,88
Sullivan,88
Arconnay,100
Jokela,100
Santa Rosa Beach,95
Pisa,76
Freeburg,100
Davidsonville,55
Neuss,81
Iserlohn,76
Lower Hutt,87
Niantic,93
Monte San Pietro,87
Hattingen,78
Quezon City,66
Bayamon,78
Toddington,93
L'Aquila,80
Kalisz,92
Malibu,23
Calabasas,4
Cape Neddick,100
Kochi,88
Naantali,93
Buena Park,8
Roland,93
Glen Iris,55
Lincroft,95
Saitama,43
Oldham,90
De Pere,68
Midland Park,93
Greensborough,55
Succasunna,93
Yantai,69
Eskilstuna,93
Northcliff,87
Sandwich,80
Crema,87
Tigre,55
Orihuela,61
Cox,61
River Ridge,83
Hanson,76
Fontaines,100
St Neots,94
South Williamsport,87
Moreno Valley,3
Snohomish,94
Roxbury,100
Clonmel,95
Bourne,87
Ebina,48
Vanves,93
Floyds Knobs,87
"Quezon City,",66
Malmo,87
Mareno Di Piave,93
Santa Cruz,77
Cheltenham,90
Sinton,83
Mapleville,100
Perrysville,93
Westcliff-On-Sea,87
Takarazuka,49
Ludlow,100
Jermyn,96
East Falmouth,100
Louisa,100
North Haledon,93
North Dighton,1
Largs,91
Cromwell,81
Rubiera,97
Bristow,100
Bostic,100
Arroyo Grande,62
Nyahururu,86
Roselle,69
Fairburn,88
Kikuyu,93
Chiba-Ken,56
Molenhoek,93
Escondido,3
Kailua,74
Dunlap,80
Cotati,30
Roy,39
Lucas,75
Champaign,93
Playa Del Rey,12
Coralville,59
Vallejo,12
Meadowvale,65
Stratford-Upon-Avon,96
Newfield,100
Palos Park,64
Sudan,31
Chantilly,100
Florahome,100
Yerevan,60
Buffalo Grove,69
Lynge,90
Tipp City,100
Chilliwack,80
Indialantic,94
Winchendon,100
Heidelberg,46
Fairless Hills,100
Monkton,93
Tupper Lake,88
Pacifica,29
Apopka,90
Rock Hill,93
Ardmore,92
Stuttgart,86
Saint Peters,86
Ringgold,77
Lompoc,76
Giddings,93
Pelham Manor,87
Guanajuato,38
Oakfield,93
Pacific,96
Ho Chi Minh,70
Ashburn,100
Sunderland,81
Goodlettsville,76
Mundelein,78
Wylie,100
Neosho,96
Mendota Heights,67
South Easton,93
Dauphin Island,94
Lavington,48
Valatie,96
High Point,100
Tiburon,24
Mahopac,97
Fernandina Beach,85
South Park,78
Clovelly,77
Christchurch,58
Officer,67
Jerrabomberra,67
South Miami,78
Tenbury Wells,91
Rutland,100
Marana,18
Goldendale,57
Amersham,100
Santa Tecla,100
Chilibre,83
Kolkata,65
Intervale,95
New Lenox,80
Aston,93
Dade City,83
Mount Airy,93
Peppermint Grove,64
Getafe,75
Harrisonburg,100
Shelburne,80
San Pedro Sula,87
Manitou Springs,84
Kreuzlingen,96
Acworth,88
San Lorenzo,83
Craryville,96
East Haddam,100
Roquetas De Mar,44
Osoyoos,64
East Setauket,100
Sun Prairie,68
Truro,93
Whistler,73
Clarkston,93
Santpedor,85
Aptos,50
Leighton Buzzard,96
Logan,42
Buda,87
Meriden,81
Forest Lake,84
La Union,79
Chanhassen,67
La Selva Beach,50
Boischatel,95
Mountain House,11
Oneco,97
Lighthouse Point,83
Wigan,84
Mansfield Center,93
Lake City,94
Goldens Bridge,100
Soquel,50
Toluca,62
Laguna Hills,10
Brownsburg,93
Chivasso,93
Nevada City,7
Rohnert Park,30
Rio Rancho,92
Mol,87
Rye Brook,100
San Luis Potosi,31
Glenville,100
Reedsville,68
Stanwood,75
Rehoboth Beach,97
Dearborn,70
Mcdonough,82
Ottumwa,80
Armadale,64
Kitty Hawk,100
Chugiak,88
Leiria,93
Struer,93
Fairview,93
Woodburn,56
Paso Robles,24
Heber City,57
Fruitvale,67
Miamisburg,87
Fort Kent,96
Tierra Verde,94
Toowoomba,54
Marshall,100
Dacono,84
Anglet,81
Starkville,100
Cape Coral,94
Aracaju,78
Comox,81
Oak Brook,64
Bacliff,88
Lake Elmo,79
Mount Juliet,76
Sandnes,76
Rougemont,93
Ocoyoacac,62
Wind Lake,69
Millersburg,100
New Berlin,95
Montague,97
Zamora,72
Buderim,96
Lonoke,100
Vale,62
Pawling,84
Redfield,72
Tomah,85
Poquoson,100
West Nyack,100
Lethbridge,74
Burien,57
Brownsville,78
Atco,87
Kenilworth,93
Platte City,80
Granbury,93
Enid,100
Clanton,96
Vineyard Haven,100
Vernon,83
Fulshear,93
Quapaw,83
Conklin,97
West Covina,21
Pendleton,68
Bellinzona,81
Winters,10
Tega Cay,93
Sarver,93
Rock Creek,73
Green Brook,100
Lavale,67
Denville,93
Apodaca,61
East Rutherford,93
Forest Hill,100
Madbury,100
Tichborne,65
Pilot Point,74
Hellerup,87
Paragould,87
Afton,79
Gouda,93
Suisun City,10
Shenandoah,92
Faridabad,77
Hempstead,100
Waycross,83
Reims,87
Archie,98
Fairlawn,87
Ketchum,49
East Sparta,100
Whitestown,75
Delaplane,98
Waynesville,88
Hampstead,100
Fairhope,94
Mountville,87
Massapequa,100
Fraser,86
Isanti,67
Ninety Six,100
Leme,77
Garner,97
Elkview,93
Bayonne,81
Centro,76
Haddonfield,100
Lake Villa,69
West Simsbury,93
Aguas De Lindoia,85
Witney,93
The Village,92
Melfort,68
Montevideo,62
Eureka,70
Cedar Springs,24
Braham,73
Kingman,12
Alphen Aan Den Rijn,94
Pitt Meadows,80
Chatillon,93
Brooklin,81
Camillus,100
Sayville,100
Vejle,93
Denison,93
North Dartmouth,100
Orenburg,90
Willis,82
El Granada,20
Plantsville,81
Graham,75
Pennsboro,85
West Dundee,74
Monticello,73
Dorado,78
Sandpoint,58
Buxton,90
Gold Hill,20
Scott Township,87
Walled Lake,80
Macungie,93
Dekalb,93
Southbury,100
"Vitacura, Lo Curro",50
Gray,92
Clifton Heights,100
Hinsdale,64
Vsetin,93
Airdrie,94
Granby,99
Lexington Park,87
Bennington,87
Feasterville,100
Port Saint Lucie,83
North Royalton,93
Dawesville,88
Asbestos,100
Santa Fe Springs,8
Clayfield,78
Metzingen,86
Bad Homburg,88
Lumberton,93
Sachse,100
Lake Mills,97
Keysoe,94
Landenberg,87
Rosseau,81
Stockton-On-Tees,84
Petawawa,93
Saffron Walden,100
Beechville,86
Del Norte,85
Rittman,93
Rosendale,93
Running Springs,11
Skipton,94
Easthampton,93
Bagneux,93
Williston,73
Hefei,68
Marcy,93
Mayfield Heights,87
Spartanburg,93
Vanderbilt,92
Moody,95
Westlake Village,25
Moss Beach,20
Chapin,97
Akeley,93
Haywards Heath,93
Cascade,68
Guaynabo,78
Broxburn,87
Granville,77
Ravenswood,87
Bury St Edmunds,87
Festus,96
Willmar,85
Leonberg,86
Northridge,100
Flanders,93
Moreau,78
Gordonville,93
Zetland,77
Pocatello,72
Montoursville,87
Junction City,58
Naugatuck,100
Santa Claus,100
Aperibe,92
Muncy,87
North Windham,89
Adelaide,59
Roberts,85
Nacogdoches,88
Tulare,53
Alliance,97
Waverly Hall,88
White River Junction,87
Haydon Bridge,100
Highland Heights,87
Summer Hill,77
Whitehouse,95
"Kwai Chung, N.t.",80
Riegel,84
Alamosa,92
Sagamore Hills,92
Coatzacoalcos,78
North Kingstown,100
Gibsons,90
Poulsbo,26
Hastings,87
Daegu,48
Caguas,88
Drumbo,87
Ewa Beach,74
Chehalis,86
Elmira Heights,93
Nassau,100
Pittsford,93
Nepean,93
Limassol,40
Main Beach,64
King George,98
Burnley,94
Martinez,20
Seabrook,93
Cushing,100
Sisseton,85
North Charleston,93
Putney,83
Belvedere,88
Spanish Fort,73
Emmaus,93
Saint Helena,100
Menomonee Falls,96
Saco,100
Goffstown,93
Zahara De Los Atunes,71
Milnerton,93
Okauchee,97
Tappan,96
Rolandia,88
Sylva,74
Ridgely,100
New Boston,96
Bourbonnais,74
Tegucigalpa,100
Amherstburg,75
Hilo,88
King City,20
Redditch,96
Kingshill,100
Mont-Saint-Hilaire,100
Romance,98
Bishop'S Stortford,100
Leawood,86
Elkins Park,100
Elgin,69
Brunswick Heads,73
Iron Mountain,73
Texarkana,93
Florida,83
Mount Lawley,49
Alvarado,78
West Grove,100
Kansas,68
Lloyd Harbor,100
Rumford,97
Killarney,93
Prather,68
Puyallup,75
Oceano,62
Miles,62
Seven Valleys,93
San Fransisco,93
Bishop,3
Sunny Isles Beach,88
Monclova,53
Kodiak,49
Kingsport,88
Antigo,73
Skead,79
Hurricane,63
Edmundston,86
Middle Park,75
Vaughan,79
Sioux City,85
Taylors,100
Dueren,93
Grimbsy,93
Ladue,86
Burton,75
Round Lake,69
Basco,83
East Bridgewater,93
Bluffton,88
Rockwood,87
St. Thomas,86
Canberra,67
Seward,73
Romford,81
Nagykovacsi,93
Surfside,94
New City,97
Burns,35
Bourne End,90
Mertztown,93
Rosenberg,75
Woodruff,100
Mashpee,100
Altus,92
Hinton,84
Haiku,58
Okotoks,78
Sykesville,91
Park Ridge,69
Sydenham,52
Sai Kung,80
Frome,95
Dane,97
Sea Cliff,92
Market Harborough,89
Montesano,81
San Juan Capistrano,9
East Andover,97
Oulu,100
Wollongong,1
Wilmot,98
Goose Bay,75
Lackawanna,87
Bargersville,100
Enterprise,8
Santee,14
Ashbourne,81
Charles Town,93
Estes Park,77
Nantucket,95
Saint-Lambert,96
Bukit Mertajam,70
Freiburg,93
Shillington,100
Ballston Lake,100
Beach Lake,92
Ludgershall,93
Lenoir,100
Estero,88
Nanping,45
Elmont,100
Bogart,100
Hainesport,100
Dansville,87
Bryan,100
Prospect Heights,69
Taitung City,58
Woodcliff Lake,93
Estado De Mexico,62
Barton,79
Watervale,60
Dana Point,9
Smiths,83
Washington Dc,93
Oostburg,63
Northwich,93
Ronkonkoma,100
Upland,9
Santiago De Los Caballeros,83
Westhampton,100
Crown Point,74
Macomb,82
Les Cedres,96
South Dennis,100
Grand Forks,72
Kingsburg,54
Peyton,77
Chateauguay,93
Menominee,79
Helensburgh,93
Paxton,100
Praha,93
Cheektowaga,87
Mount Pearl,64
Chippewa Falls,79
Hagerhill,100
Reserva,100
Rio Das Pedras,83
Mccammon,77
Asheboro,100
Villa Alemana,50
Hampshire,100
Hilton,96
Port Hawkesbury,93
Gilroy,15
Sevierville,93
nan,83
Tecumseh,75
Wuhan,53
Huntingdon,90
Princeville,100
Volant,78
Botucatu,77
Oak Creek,69
Morrill,68
Samara,86
Canyon,91
Hayden,74
Marathon,73
Hacienda Heights,21
Avalon,93
Galesburg,90
Murrow,94
Clay City,93
St. Catharines,81
North Hollywood,5
Key Biscayne,78
Ciudad Madero,78
Grovetown,88
Camas,93
Richmond Heights,87
Dudley,91
Gretna,93
Camberley,93
Dunkerque,95
Murray,61
Malakoff,93
Harrowsmith,93
Xenia,100
Hanford,58
Shady Shores,86
Zanesville,93
Vineyard,12
Pine Brook,67
Fruit Heights,42
Northbrook,69
Crozet,100
Fort Leonard Wood,98
Lynden,75
Concepcion,81
Wall,100
Aledo,64
Rosemount,73
Zagreb,93
Shelby,93
Mooncoin,99
Wolverine Lake,80
Lismore,64
Mid-Levels,57
Two Harbors,67
Innisfil,80
Tulancingo,49
Fulton,88
Miller Place,93
Ladera Ranch,6
West Sacramento,10
Pilot Butte,78
Prides Crossing,93
Tooele,85
Patterson,23
Bonita,50
Napoleon,70
Elkins,93
Algonquin,78
Beaufort,83
Housatonic,95
North Avoca,73
Balwyn,55
Saddle River,98
Wading River,93
Wentzville,95
San Dimas,9
Mount Arlington,93
Coogee,77
Cooper City,94
Pemberton,65
Hanwell,100
Fountainville,88
Schaumburg,74
Beaumont,88
Vernon Hills,78
Wethersfield,93
Holte,90
North Potomac,93
Outremont,93
Oelwein,79
Millington,93
Mountain Lakes,93
East Northport,100
Ballater,87
Pine Valley,57
Iuka,92
Blackfoot,72
West Monroe,87
Wemmel,87
Nanuet,100
Mchenry,81
Laredo,55
Loves Park,64
Delacombe,55
Bartlett,93
Rosslyn,63
Eastvale,4
St John'S,74
Irwin,87
Bromma,93
Casper,52
Canning Vale,64
Massena,93
East Grand Rapids,86
Tartu,87
Wimbledon,79
West Fargo,72
East Gull Lake,62
Coram,100
Tuba City,48
Zhongli,74
Emerald Park,78
Subiaco,92
Storm Lake,85
Lagrangeville,93
Wauconda,76
North Salt Lake,54
Big Lake,73
Grottoes,100
Luray,93
Compiegne,93
Cottonwood Falls,74
Lyngby,93
Bensalem,100
Roden,89
Deland,94
Villa Hills,76
Platteville,80
French Lick,94
Star,37
Passaic,98
West Horsley,92
Albert Lea,92
Beloeil,93
Ways,87
Point Cook,67
Terrigal,73
Monmouth,100
Ramsgate,89
Chicopee,93
Mancos,84
Alftanes,60
Jozefoslaw,93
Fairgrove,80
Hafnarfjordur,60
Leola,85
Athelstone,59
Willington,94
New Hudson,86
Campbell River,100
Stutensee,92
Pauls Valley,98
Forestport,99
Kialla,60
Cedar Crest,7
Fortuna,76
Central Point,20
Shingle Springs,13
Antwerp,87
Kelsall,87
Kastrup,87
Ontario,6
Wolcott,81
Thomaston,93
Colleyville,93
Palisade,67
Jonesborough,90
Palm Bay,94
Mentor,70
Gurugram,56
Dhahran,94
Munster,81
Crested Butte,78
Fort Mitchell,76
Apeldoorn,93
Theresa,76
Braselton,93
Lake Katrine,97
Footscray,55
North Wales,94
Oakwood,100
Hidden Valley Lake,5
Prevost,93
West Tisbury,100
Morehead,87
Newfoundland,79
New Salisbury,91
Blairs,94
Frontenac,86
Zapote,50
Nisswa,62
Highbury,51
Valley,37
Shiner,87
Taber,74
Carol Stream,74
Quitman,88
Crystal Lake,77
Belmond,92
Andorra La Vella,82
Santa Margarita,65
Hawthorn East,55
Trophy Club,93
Moline,64
Rowley,93
Eindhoven,93
Sandgate,78
Mcminnville,67
Valhalla,100
Broughty Ferry,93
Austell,88
Calvert City,77
Menifee,7
Kidderminster,91
Weston-Super-Mare,93
Upwey,51
Pomfret,100
Excelsior Springs,93
Schererville,74
Ledyard,93
Katonah,88
Porter,80
Frankenmuth,86
Bury,94
Downs,79
Hubei,46
Bradfield Southend,93
Cream Ridge,69
Boswell,100
Mount Sinai,100
Slinger,97
Ghent,79
Parkland,61
Williamson,87
Barnstable,100
Templestowe,55
Payson,53
Cumberland Foreside,100
Poughkeepsie,93
Noida,77
Petrolina,74
Shinagawa-Ku,59
De Meern,95
Prinsenbeek,93
Breesport,100
Pinner,100
Plaistow,100
Pequannock,93
Mosinee,62
Carterville,100
Heath,89
Olney,93
Wahroonga,61
Compton,17
Carp,94
Richland Center,68
Alto,100
Avon Lake,93
Catharpin,100
Wausau,73
Brackney,28
Gladwyne,93
City Beach,49
Inlet Beach,100
Lufkin,78
St. Andrews,93
Philo,93
Clinton Township,86
Budleigh Salterton,87
Glenelg,59
Lakeport,17
Angier,100
Eden,100
Vitoria,88
East Earl,97
Shoreview,85
Cedar Hills,42
Blackstone,100
Sao Carlos,64
Grosse Pointe Farms,70
Carouge,93
Ennis,93
New Franken,69
Enniscorthy,92
Forest Grove,64
Conneaut,93
Punta Gorda,94
Oss,93
Brattleboro,96
Bay Port,100
Luckenwalde,90
Carnation,61
Americus,88
Hanahan,93
Scott Depot,91
Loomis,7
Pennington,91
Buhl,87
Coatesville,100
Courtenay,81
Fort Rucker,94
Abbottstown,93
Barnegat,97
Allenspark,85
Zwolle,94
Averill Park,95
New Prague,73
Springboro,87
Manning,100
Castle Creek,93
Greenup,100
Presidente Prudente,94
Kennebunkport,100
Reedley,62
Port Angeles,75
High Springs,94
Oakbank,59
East Freetown,56
Sparta,92
Liberty Lake,93
Demorest,93
Balbriggan,87
Diamond Bar,9
Senoia,93
Sarnico,100
Woodbine,1
New Minas,100
St. Mary'S,84
Saint Cloud,73
Lasswade,87
Woodland Park,93
Columbia Falls,73
Kilmarnock,93
Waramanga,67
West Chesterfield,84
Malnate,71
Hademstorf,81
Stevensville,86
Neuvecelle,92
Palos Verdes Estates,17
Weltevredenpark,59
Barranquilla,83
Erina,72
Coral,96
Haan,76
Tatum,93
Bois-Des-Filion,96
Rio Das Ostras,100
Encino,86
La Mirada,8
Halfmoon,96
Lewistown,100
Saint George,12
Portadown,93
Thorold,81
Mulberry,83
Monroeville,87
Little Britain,97
Woodridge,80
De Soto,81
Ledgewood,93
Bramley,93
Lake Winnebago,86
Mohegan Lake,91
Addison,69
Saint James,78
Oneonta,82
Hector,92
Eichenzell,90
Praia Da Luz,83
Bloomingdale,78
North Falmouth,100
Fredonia,87
Indiana,75
Temse,87
Delanson,100
Racine,80
Old Orchard Beach,100
Key West,88
Hilton Head,83
Otterburn Park,93
Ringoes,100
Stevenson Ranch,9
Orange Beach,94
Balmoral,66
Sant Cugat Del Valles,70
Princeton Junction,100
Battle Ground,85
Killara,77
Stittsville,94
Abington,100
Tudhoe,90
Bardowie,100
Sugar Hill,100
Lake Havasu City,6
Stuart,83
Sheffield Lake,81
Hammonton,99
Tarboro,100
Wawaka,86
Grosse Pointe Woods,70
Eschweiler,81
Voelklingen,93
Ormond-By-The-Sea,83
North Adams,87
Rancho Palos Verdes,27
Angleton,88
Colfax,81
Busan,32
Shepparton,60
Homedale,37
Montville,95
San Bernardino,6
Mountbellew,99
Pocasset,100
Dural,61
Saint-Wenceslas,100
Manila,66
Buckeye,13
Largo,83
Surprise,15
Benicia,20
Canyon Lake,92
Balneario Camboriu,83
Damascus,20
Charles City,79
Faenza,86
Ruskin,83
Delphos,88
Clarks Summit,93
Cibolo,87
Orkney,59
Clarkdale,34
Snellville,100
North Haven,81
Eldersburg,91
Rancho Murieta,12
Nelson Bay,72
Yucaipa,4
Paramus,93
Pismo Beach,62
Grayling,100
Hawarden,94
Wolfeboro,100
Delano,43
Indian Trail,93
Nethen,87
Belle Vernon,90
Sinclairville,100
Ciudad Obregon,68
Grovedale,68
Jewett City,95
Lake Country,94
Ericeira,3
Mery,100
Canyon Country,3
Ballincollig,93
Thompson,62
Rockport,100
Rialto,4
Riverdale,88
Brockport,96
Commerce City,84
Hertfordshire,93
Mineral Point,68
Valley Village,5
Barker,92
Blackpool,90
Oldfield,89
Cos Cob,100
Innes Park,65
Penshurst,72
Grant,47
Hoofddorp,93
Baranduda,48
Alburgh,1
Rosslare,92
Hauppauge,100
Columbine Valley,72
Waddell,15
Wappingers Falls,93
Yakima,47
Constantine,76
Whanganui,82
Boyds,95
Oegstgeest,93
Munina,89
Spijk,88
Sheffield,89
Dike,81
Coldbrook,100
Niceville,88
Tumwater,75
Lochbuie,72
Rheinfelden,97
Rosamond,8
Biot,71
West Trenton,100
Echo,96
Tiverton,87
South Beloit,64
Steamboat Springs,84
Cleobury Mortimer,99
Mawnan Smith,93
Long Sault,93
Pierz,78
Sherburn In Elmet,82
"Mexicali, Baja California",8
Rocky Mount,93
Dronninglund,93
Glenwood,74
Prince Albert,79
Crystal River,83
Land O' Lakes,75
Highland Lakes,97
Boothbay Harbor,100
Hope Valley,50
Poggiridenti,96
East Longmeadow,93
Sanbornton,100
Nordhausen,97
Cottbus,84
Belem,94
Dickinson,88
Center City,85
West Jefferson,93
Versailles,93
Flowood,88
La Paz,75
Colonie,94
Suffolk,93
Muscatine,74
North Las Vegas,9
Castleton,100
Rumson,93
North Highlands,11
Canning,61
Exton,93
North Hampton,100
Terrace Park,81
Hammonds Plains,76
Takapuna,63
Sedalia,92
Feeding Hills,93
Jensen Beach,83
Proctorsville,93
Middleborough,93
Neptune Beach,83
Quechee,87
Hasbrouck Heights,93
New Ringgold,1
Leland,93
Farnborough,93
Kuesnacht,86
Twin Peaks,78
Joinville,85
Guyton,83
Pulaski,93
Erdenheim,92
Manteca,21
Beaver Dam,74
Saint Johns,88
Panorama City,4
Sunland,77
Rosenheim,1
Elkridge,100
Chaplin,71
Weeping Water,58
Trabuco Canyon,6
Prescott Valley,26
Lillesand,87
Blue Bell,93
Avila Beach,51
San Leandro,47
River Edge,93
Hood River,74
Lone Oak,99
Chene-Bourg,93
Ramer,78
Waldbuettelbrunn,89
Monona,68
Gaylord,92
Repulse Bay,93
Realmonte,1
Livorno,98
Kentfield,29
New Ross,92
Clonakilty,93
Barna,100
Leyton,87
Pensacola Beach,88
Meerbusch,76
Shakopee,67
Punxsutawney,90
Utsunomiya,52
Mariposa,54
Amelia,81
Mackinaw City,91
Agawam,100
Bunschoten-Spakenburg,94
Melide,93
Sahuarita,12
Stavanger,76
Hemel Hempstead,93
Little Compton,100
Maumelle,92
Port St. Lucie,83
Island Heights,93
Renfrew,100
Morin Heights,93
Bogis-Bossey,93
Manlius,87
Ballarat,55
Brimfield,97
Waterlooville,85
Albert Park,67
Settimo Milanese,81
Zug,93
Denny,92
Turenki,100
Birkenwerder,93
Owatonna,85
Bemidji,72
Aspen,85
Herdersem,82
Shoreham-By-Sea,3
Swannanoa,97
South Milwaukee,69
Grande Prairie,70
Seminole,88
East Victoria Park,49
Maitland,83
Grants Pass,31
Pocahontas,93
Narragansett,100
Arsta,100
Sutter Creek,13
Menands,95
Mullica Hill,100
Benbrook,93
Salerno,80
River Heights,42
Millers Point,72
Collinsville,100
Good Thunder,92
Shapleigh,100
Queen Creek,24
Blythewood,100
North Oxford,93
Cummington,83
Goes,94
Norton Shores,69
Putnam,93
Fort Knox,93
Philippines,77
Shenandoah Junction,93
Kapaa,88
Hopedale,95
Downpatrick,93
Gardena,17
Yarmouth Port,100
Newton Corner,100
Campton,87
Alamo,93
Oberhausen,89
Aalst,82
Machiasport,96
Adro,10
Shinjuku,56
Boeblingen,93
Xuzhou,33
Dollard-Des-Ormeaux,93
Fairmont,91
Sheung Wan,59
1220,72
Elk Point,92
Kemptville,99
Crosserlough,86
Fort Edward,93
Holderness,100
Sault Ste. Marie,80
Owasso,86
Peekskill,91
Cumberland Center,100
Baldwinsville,98
Ponder,86
East Greenbush,100
Watford,100
Mount Washington,78
Guilderland,94
Escobedo,62
Harbor City,15
Grass Valley,7
Poquonock,93
Smithtown,100
South Kingstown,98
Captain Cook,81
Randburg,59
Saint-Constant,93
Dorking,93
Tarbet,88
Tauranga,76
Rushyford,83
Neyagawa,49
Athol,100
"Kanazawa-Shi,",34
Huacho,85
Furlong,93
Chepachet,100
Dayville,87
Wollaston,91
Tampico,78
Wandlitz,52
Suffern,82
Olga,57
Aston Clinton,94
Hertford,95
Meredith,100
Merritt Island,83
Paintsville,100
Middleboro,87
Harrisville,39
